Record ID	Property Type	Investment Name	Sponsor
rec06Ko9Mk5PlNtTs	Hotel	Staybridge Suites - Mayfield, OH	Syndicated Equities
rec07o2jWAX7TwAPU	Multifamily / residential	Overlook - Antioch, TN	Passco Companies
rec08avkISLNq0dxe	Retail	Downers Grove Retail DST	Inland Private Capital
rec09NN33NC9gMVlZ	Medical office	Medical Office Portfolio DST	Inland Private Capital
rec0GxensZpsSKaWI	Hotel	Fairfield Inn & Suites - Montgomery , AL	Peachtree Group
rec0QcQuIiT0y64dt	Self storage	Storesmart McDonough	Reliant
rec0RX1uNinVatH21	Hotel	Home2 Suites - Prattville, AL	Peachtree Group
rec0V8OO2pgCIqvF3	Hotel	Marriott Courtyard - West Des Moines, IA	Syndicated Equities
rec0YpGiQUR1JJtQS	Necessity Retail	CF WAG MH, LLC	Cantor Fitzgerald
rec0Yq3YPT6cNGluz	Retail	Chicagoland Grocery Venture DST	Inland Private Capital
rec0bHoiqdC2ueleV	Net-leased retail	Net-Leased Portfolio 17	ExchangeRight
rec0dHmt0LR61ILIm	Credit - Hotel	Suburban Extended Stay - Westminster, CO	Peachtree Group
rec0ftCIe5twJ51Rd	Retail	Austell 1031 DST	Inland Private Capital
rec0g4vHeBiCStZEV	Credit - Hotel	Aloft - Lake Buena Vista, FL	Peachtree Group
rec0iaUuk7EPKAwZg	Net-leased retail & healthcare	Net-Leased Portfolio 14	ExchangeRight
rec0jwFXnKBS2ngoP	Self storage	Fund II	Reliant
rec0p8RpSGcN0Marj	Self storage	Midgard Roswell	Reliant
rec0tRYrt3eFypUE2	Hotel	AC - Atlanta, GA	Peachtree Group
rec0vpwwLKy6yjvJa	Multifamily / residential	Arium Grandewood	Bluerock
rec0xCQu0swituetr	Credit - Retail	Best Space Realty Corp - Irving, TX	Peachtree Group
rec10M79NbbW4nJlE	Credit - Hotel	Sleep Inn - Oxford, AL	Peachtree Group
rec11HI4mjRyL9bML	Credit - Hotel	Candlewood Suites - North Syracuse, NY	Peachtree Group
rec138NjlehIY84WR	Hotel	Springhill Suites - San Antonio, TX	Peachtree Group
rec1B5knZf22uLOd7	Credit - Hotel	Home2 Suites - Fort Worth, TX	Peachtree Group
rec1G5mAIkJDAywWG	Multifamily / residential	Vinings - Greenville, SC	Passco Companies
rec1Iifmd60uot1Ew	Net-leased retail	Net-Leased Portfolio 13	ExchangeRight
rec1QZdHPAZhuZa3F	Industrial	Janesville 1031 L.L.C.	Inland Private Capital
rec1azSQXCoUwwx4X	Credit - Hotel	Holiday Inn Express (Note A) - Solana Beach, CA	Peachtree Group
rec1bAsMyAhqwVbMs	Credit - Hotel	Embassy - Atlanta, GA	Peachtree Group
rec1d0NiTUZ6eDZvY	Hotel	AC - Austin, TX	Peachtree Group
rec1eAn9Ct9IaA2HZ	Credit - Hotel	Hampton Inn / La Quinta - Aberdeen, MD	Peachtree Group
rec1hJEnyjbMKIJcm	Multifamily	CF Towson Multifamily DST	Cantor Fitzgerald
rec1jcDyQYvJ64Vfn	Credit - Hotel	Hampton Inn - New Albany, IN	Peachtree Group
rec1kjZr1mVWzyW3S	Net-leased retail	Net-Leased Portfolio 1	ExchangeRight
rec1oCh47c6FuBUeP	Retail	Pharmacy Portfolio III DST	Inland Private Capital
rec1owSTWdQKxfmZV	Multifamily / residential	Westerly	Bluerock
rec1sH0K9jwowYQfs	Multifamily / residential	Legends at Indian Springs - Louisville, KY	Passco Companies
rec1sJnCwDnseU0oG	Industrial	Deer Park 1031 DST	Inland Private Capital
rec1tToY2YVsVrf59	Multifamily / residential	Carrington - Montgomery, AL	Passco Companies
rec22pLRoUrapQNMs	Multifamily / residential	Villa Toscana - Houston, TX	Passco Companies
rec23Yxdgsbt3EGgS	Net-leased grocery	Winn Dixie	AEI
rec240SZNEU3oaWkf	Net-leased retail & healthcare	Net-Leased Portfolio 28	ExchangeRight
rec26cYTGnJ5taDkS	Credit - Hotel	TownePlace Suites - Irving, TX (Fund II)	Peachtree Group
rec29PgaXqFA4vNLK	Multifamily / residential	North Park Towers	Bluerock
rec2BCWaUSkncXwQo	Net-leased retail & healthcare	Net-Leased Portfolio 19	ExchangeRight
rec2Br9TuywPAy70D	Hotel	Crowne Plaza - North Charleston, SC	Peachtree Group
rec2CaFHjPMREr2lq	Multifamily / residential	Parker - Fairfax County, VA	Passco Companies
rec2FfDVHBwP1Q4Gn	Undeveloped / pre-development land	Passco Waikoloa, LLC	Passco Companies
rec2Ro8DJKa8o0uxu	Credit - Hotel	Holiday Inn Express - Tacoma, WA	Peachtree Group
rec2SDjCbILbbkwyY	Retail	Plainfield 1031, L.L.C.	Inland Private Capital
rec2W1DWJSRsYktcU	Multifamily / residential	Clearwater	Bluerock
rec2WDNi6YXG6UlEA	Net-leased pharmacy	CVS - Weeki Wachee, FL	Syndicated Equities
rec2asfC7hD9MQVdP	Credit - Hotel	Upham Hotel - Santa Barbara, CA	Peachtree Group
rec2bFxStrk22xvs1	Credit - Hotel	Holiday Inn - Sulphur, LA	Peachtree Group
rec2ep1AkahMNzWlW	Credit - Hotel	Meritage Commons - Napa, CA	Peachtree Group
rec2ofFYlqX6FJ5gB	Hotel	Marriott TownePlace Suites - Indianapolis, IN	Syndicated Equities
rec2qdUD5lDjY9Nmh	Credit - Hotel	Staybridge Suites- Baltimore, MD	Peachtree Group
rec2rQiUxoDacCVMw	Hotel	Hampton Inn - Sarasota, FL	Peachtree Group
rec2vBK6LlsHkwfua	Hotel	Fairfield Inn & Suites - Lewisville, TX	Peachtree Group
rec2xUOrysJunl6Eg	Multifamily / residential	Sands Parc	Bluerock
rec2zPunXvX4goJGO	Credit - Hotel	Days Inn - State College, PA	Peachtree Group
rec30Kz0E6PwzBSLj	Retail	Eastwind Center - Las Vegas, NV	Passco Companies
rec3537fSYjJuPUwa	Multifamily / residential	Artisan on 18th	Bluerock
rec38q0kKrGUcMOSr	Net-leased retail (fund-level)	Net-Leased Preferred Equity Fund 1	ExchangeRight
rec39spDmLIHqm3tL	Net-leased retail	Net-Leased Portfolio 11	ExchangeRight
rec3DNyGHkhLlYVnS	Credit - Hotel	Holiday Inn Express (Note 1) - Livonia, MI	Peachtree Group
rec3DQ72Cgj9VVBJS	Credit - Hotel	Hampton Inn (JFK) - Jamaica, NY	Peachtree Group
rec3Gak6CVrYgF5QZ	Multifamily / residential	Villages at Cypress Creek	Bluerock
rec3IKnhi9mNENjT7	Multifamily / residential	EOS	Bluerock
rec3INUxkvcFpvk00	Multifamily	Park Creek Steeple Multifamily DST	Inland Private Capital
rec3Lwbkiuqz7tbmr	Credit - Hotel	Hilton Garden Inn - East Syracuse, NY	Peachtree Group
rec3Ow9fi4LsA1Nyv	Hotel	Courtyard - Gulf Shores, AL	Peachtree Group
rec3TCcmdfINknC5l	Credit - Hotel	LaQuinta Inn - Atlanta, GA	Peachtree Group
rec3TJO0281AF0rjm	Multifamily / residential	Avondale Hills	Bluerock
rec3aCdO9WFPpfZcK	Credit - Hotel	Hampton - Canton, GA	Peachtree Group
rec3aMA6DQsQvyb8a	Net-leased retail	Garden Ridge	AEI
rec3dGOAVomCPzv7n	Self storage	Storesmart Warner Robins	Reliant
rec3gj58AO2WKvyce	Multifamily	CF Hendry Multifamily DST	Cantor Fitzgerald
rec3mXTLWVtmXrIov	Credit - Hotel	Courtyard - Lafayette, IN	Peachtree Group
rec3rkTd76tld7UNS	Credit - Hotel	President Hotel (A Note) - Kansas City, MO	Peachtree Group
rec3xQYdqcEXKFvuf	Credit - Hotel	Hampton Inn - Enterprise, AL	Peachtree Group
rec3zB6dqrcW2yl6h	Credit - Hotel	Kimpton - Baltimore, MD	Peachtree Group
rec40ZmhRMcfBESZB	Hotel	Curtis Hotel - Denver, CO	Syndicated Equities
rec49gXU4mOw5SlOs	Credit - Hotel	Four Points - Durham, NC	Peachtree Group
rec4AJbX3lPVCvbOZ	Credit - Hotel	Holiday Inn - North Canton, OH	Peachtree Group
rec4API3FFAiWRgNg	Multifamily / residential	Ovation at Tempe Apartments - Tempe, Arizona	Passco Companies
rec4IHGuDOV7nUuG4	Self storage	Midgard Cox Blvd	Reliant
rec4L7kP4e8cxGfaw	Self storage	Storesmart Englewood	Reliant
rec4pwZKFTzQWSedr	Hotel	Fairfield Inn - Valdosta, GA	Peachtree Group
rec4qzy2rcoOz5QUy	Net-leased restaurant	Champps	AEI
rec4r0ecHC6wEL5x6	Credit - Hotel	Super 8 - Mound City, MO	Peachtree Group
rec4uUfSM1AjMKzvb	Retail	Port Richey 1031, L.L.C.	Inland Private Capital
rec4yKVRfpLAkDRkE	Net-leased pharmacy	Walgreens - Chicago Heights, IL	Syndicated Equities
rec52BgoNtpeYTREu	Credit - Hotel	Courtyard - Fairfield, CA	Peachtree Group
rec54IRffARlEVSta	Credit - Retail	Cumberland Mall - Vineland, NJ	Peachtree Group
rec56PlR9LoD7FW0J	Credit - Hotel	Hampton Inn - Carter Lake, IA	Peachtree Group
rec58scB21ktzIBoa	Hotel	Sheraton - Jacksonville, FL	Peachtree Group
rec5Bfs7Gpqgj6Bnw	Retail	CW Pharmacy I DST	Inland Private Capital
rec5C6AYrtrrYLBp8	Retail	Ravinia Plaza Shopping Center - Orland Park, IL	Syndicated Equities
rec5GwFeXzP7toD1G	Multifamily / residential	23Hundred Berry Hill	Bluerock
rec5K051vTUHx8ACS	Credit - Industrial	Panda Biotech - Wichita Falls, TX	Peachtree Group
rec5NWhbfqDdqluQr	Retail	Chenal Commons 1031, L.L.C.	Inland Private Capital
rec5TS3PyCPGUbphp	Credit - Hotel	Holiday Inn Express (Note A) - Las Vegas, NM	Peachtree Group
rec5TTsar7MSim6ZQ	Credit - Hotel	Holiday Inn - Big Rapids, MI	Peachtree Group
rec5TrLZuECtTiqaV	Credit - Hotel	Redrock Inn - Sioux Falls, SD	Peachtree Group
rec5VDWTJVcQo8uhC	Multifamily / residential	Courtney Village - Phoenix, AZ	Passco Companies
rec5WwSZwJXEPZsdD	Credit - Hotel	Fairfield Inn and Suites - Charlotte, NC	Peachtree Group
rec5aTvkNS7gELH6I	Credit - Hotel	Hampton - Buellton, CA	Peachtree Group
rec5bFy3R6kPPl1eS	Government / GSA-leased	Social Security Administration - Whitehall, OH	Syndicated Equities
rec5k2VDrrwZ2dVSM	Hotel	Hampton Inn - Milledgeville, GA	Peachtree Group
rec5mnRFe9apqt17l	Multifamily / residential	Arium Palms Gateway	Bluerock
rec5pkFRohK6jBy0L	Multifamily / residential	Lansbrook	Bluerock
rec5q5tFkD9D4LUUP	Net-leased restaurant	U-Like Buffet / HomeTown Buffet	AEI
rec5w0uYf9e7npCwW	Multifamily	Indianapolis Multifamily DST	Inland Private Capital
rec6FfbendTPM6WRS	Credit - Hotel	Holiday Inn Express (Note B) - Charlotte, NC	Peachtree Group
rec6INDakOZuuDJLn	Credit - Hotel	Hampton / Holiday Inn Express (B Note) - Kansas City, KS	Peachtree Group
rec6LdkUs8pDBmGQo	Multifamily	San Antonio Multifamily DST	Inland Private Capital
rec6QonDqLrZD3Tus	Multifamily	Jacksonville Multifamily DST	Inland Private Capital
rec6WRZIpmrFJAcY2	Credit - Hotel	Holiday Inn Express - Matthews, NC	Peachtree Group
rec6WxcKTQQwNFhrC	Credit - Hotel	Curio by Hilton - Houston, TX	Peachtree Group
rec6h9Xvf9O1kN7KO	Net-leased restaurant	HomeTown Buffet	AEI
rec6pDPvNkHGebEtw	Credit - Hotel	Westin - Tampa, FL (2011)	Peachtree Group
rec6s59O9AtWsA5lh	Self storage	Storesmart Loganville	Reliant
rec6sFsC1197EfBFI	Multifamily / residential	Zoey	Bluerock
rec6x8lG2oIqWaQr1	Credit - Hotel	Springhill Suites - Quakertown, PA	Peachtree Group
rec71SDLz3EgLtTMt	Multifamily / residential	Riverstone Apartments - Kansas City, MO	Syndicated Equities
rec72rgVtgXqbhjBq	Industrial	Volkswagen Distribution Facility - Libertyville, IL	Syndicated Equities
rec72tlai7hDI2DfG	Net-leased restaurant	Applebee's	AEI
rec76TmI7UMXXpSdh	Credit - Hotel	Sonesta ES Suites - Memphis, TN	Peachtree Group
rec7EB6dRoxFuMVOj	Multifamily / residential	Arlo	Bluerock
rec7HuSfTLeXs3VTv	Retail	Fashion Outlet Center - Rosemont, IL	Syndicated Equities
rec7MNAevEBPv6J9N	Credit - Hotel	LaQuinta Inn (Note 1) - Lenexa, KS	Peachtree Group
rec7QCM3cVeRmpQQE	Credit - Land	Traton Homes East Park Village - Kennesaw, GA	Peachtree Group
rec7TPLFey1yOPElW	Office	Omaha Headquarters Ventures DST	Inland Private Capital
rec7b95PRMOACHSWN	Office	Carmel Office 1031, L.L.C.	Inland Private Capital
rec7hDzZ0cGz1Vorp	Credit - Hotel	AC Hotel - Brentwood, TN	Peachtree Group
rec7i7BpjD8zfPbYC	Credit - Hotel	Cambria - Uniontown, OH	Peachtree Group
rec7ixPkqohXGefRZ	Net-leased retail	Net-Leased Portfolio 7	ExchangeRight
rec7jJNYCWQFnrEHo	Credit - Hotel	TownePlace Suites - Gonzales, LA	Peachtree Group
rec7zo2VXnrp1B22p	Multifamily	CF Railway Multifamily DST	Cantor Fitzgerald
rec85M9fjmXcgfRFc	Credit - Hotel	Days Inn - Atlanta, GA	Peachtree Group
rec86EA2QXyKCsWyU	Multifamily / residential	Georgetown Crossing	Bluerock
rec88RBiSYRTmU5gY	Retail	Plaza at the Pointe - Pittsburgh, PA	Syndicated Equities
rec8AO6jKA2Eq3VoC	Credit - Hotel	Microtel Hotel - Raleigh, NC	Peachtree Group
rec8AqPbY15YaI1jZ	Multifamily	Dallas MSA Multifamily DST	Inland Private Capital
rec8H7MVqeb4sEmx0	Credit - Hotel	Curio by Hilton - Chattanooga, TN	Peachtree Group
rec8Pt0cCqCC0MkAD	Credit - Hotel	Sonesta ES Suites - Westport, MO	Peachtree Group
rec8XnP3cuN4RuaeA	Net-leased retail & healthcare	Net-Leased Portfolio 5	ExchangeRight
rec8gKA4M8IC4zpY6	Multifamily / residential	Wakefield Glen - Raleigh, NC	Passco Companies
rec8hwZ9cqb6CCVhl	Credit - Hotel	TownePlace Suites (2016) - Houston, TX	Peachtree Group
rec8jEHIl76f2K1L7	Multifamily / residential	Mariner Grove - Savannah, GA	Passco Companies
rec8m3pxwnKCFMc4x	Retail	Rancho Cordova Retail Center, L.L.C.	Inland Private Capital
rec8oLvJyAZG6RFK6	Credit - Hotel	Hampton Inn (Note A) - Cullman, AL	Peachtree Group
rec8oYbNaopMx2xuS	Credit - Hotel	Holiday Inn (A Note) - Omaha, NE	Peachtree Group
rec8qA575x8aN1CqQ	Credit - Hotel	Days Inn - Shorter, AL	Peachtree Group
rec8qD0JfGl2bUDEQ	Credit - Hotel	Staybridge Suites - Indianapolis, IN	Peachtree Group
rec8v5yS7dhpzOBMY	Self storage	Midgard Woodstock	Reliant
rec8xZRmQX3E707q0	Multifamily / residential	Peak Housing Operating Partnership	Bluerock
rec8y6Rb99noVbn9G	Government / GSA-leased	Social Security Administration - Valparaiso, IN	Syndicated Equities
rec8zQVVyw6Qm6Y15	Credit - Hotel	DoubleTree (Note A) - New Bern, NC	Peachtree Group
rec90dvfqMzCYMAQF	Hotel	Hyatt Place - Jacksonville, FL	Peachtree Group
rec94DkNh8LfysucU	Student housing	Student Housing Development - Ottawa, Canada	Syndicated Equities
rec95xoCXE70wJ1Wc	Retail	CF Net Lease Portfolio DST 8	Cantor Fitzgerald
rec9MWJtEWPkNZzY6	Credit - Hotel	Holiday Inn (Note 2) - Lancaster, PA	Peachtree Group
rec9SHt1yRY9noXIM	Multifamily / residential	Two Blocks - Dunwoody, GA	Passco Companies
rec9TfiP21gRZFDYI	Multifamily	Multifamily 5 - Crystal Lake Florida Apartments	ExchangeRight
rec9WjgRABWaVjMRo	Credit - Hotel	Hilton Garden Inn - Aurora, CO	Peachtree Group
rec9aZX7DGPUP4xXa	Credit - Hotel	Curio - Birmingham, AL	Peachtree Group
rec9aivB3xrVSe4pE	Hotel	Hampton Inn - Columbia, MO	Peachtree Group
rec9d3Zt4ErTVSIze	Credit - Hotel	Foley House Inn - Savannah, GA	Peachtree Group
rec9eBabpZm70pmCv	Hotel	SpringHill Suites - Navarre Beach, FL	Peachtree Group
rec9gOTI7XXelNOGE	Retail	Chandler Heights - Chandler, AZ	Passco Companies
rec9iefpEP9oWMcB2	Credit - Hotel	Comfort Inn - Omaha, NE	Peachtree Group
rec9kROEnf9L9nrzQ	Multifamily / residential	Glen at Alexander - Augusta, GA	Passco Companies
rec9pyiWF92NVrvkG	Hotel	Comfort Suites - Starkville, MS	Peachtree Group
rec9qiANzrqF8AsMa	Self storage	Custom Spring TX Storage, L.L.C.	Inland Private Capital
rec9uNh19aAWTx6YR	Multifamily	Colorado Springs Multifamily DST	Inland Private Capital
recA08oB4kZZnx4Ws	Credit - Hotel	Sonesta ES Suites - Lombard, IL	Peachtree Group
recA4OvBYRNL5Fn5N	Multifamily / residential	Encore Chandler Development	Bluerock
recA7Jiaxti7hFQhG	Retail	East Coast Wholesale DST	Inland Private Capital
recACRC4mINcUWDOY	Credit - Hotel	Wingate by Wyndham - St. Clairsville, OH	Peachtree Group
recADFgshu34rFDks	Credit - Hotel	Hampton Inn & Suites - Tacoma, WA	Peachtree Group
recADcQjxz8siS8Nm	Multifamily	Denver MSA Multifamily II DST	Inland Private Capital
recAEOL77Oh84PdJh	Net-leased retail	Net-Leased Portfolio 6	ExchangeRight
recAFkCacSeSXfIcT	Multifamily / residential	Reunion Apartments	Bluerock
recAHki8FAxZpsQnj	Hotel	CY - Kennesaw, GA	Peachtree Group
recAJFnraaWLP8Fqx	Credit - Hotel	Hampton Inn - Lake Park, GA	Peachtree Group
recAKxNhrE3hX6LtN	Credit - Hotel	Parkview Inn (Note B) - Syracuse, NY	Peachtree Group
recAL6T8s9OZhILhZ	Hotel	Aloft - Jacksonville, FL	Peachtree Group
recAQZNChHy1JEvnU	Retail	Pinnacle Village - Overland Park, KS	Passco Companies
recAX4yazlHvtkbE3	Credit - Hotel	Marriott - Mobile, AL	Peachtree Group
recAbEft0gOc4EmrN		400 Skokie Blvd. - Northbrook, IL	Syndicated Equities
recAehgQPejPHbgEZ	Credit - Industrial	Production Drive - Harrison Township, MI	Peachtree Group
recAeyoQpkC2wqJOQ	Credit - Hotel	Courtyard - Jonesboro, AR	Peachtree Group
recAgAoWHISHbrRs6	Credit - Hotel	Courtyard - South Bend, IN	Peachtree Group
recAiqcgGILnSmWDE	Multifamily / residential	The Conley	Bluerock
recAs3bDjucxwNR0E	Medical Office	FSC Healthcare II, DST	Four Springs TEN31 Xchange
recAsxCtIzauHYvn7	Office	Warminster Business Center - Warminster, PA	Passco Companies
recB56c29NfNhcJxo	Net-leased restaurant	Timber Lodge	AEI
recB5eULW5ghJlaEA	Multifamily / residential	Merritt - Duluth, GA	Passco Companies
recBHfsTfWi2iaDYv	Credit - Hotel	Cambria - New York, NY	Peachtree Group
recBKa9mvmaIXyeQe	Net-leased retail	Net-Leased Portfolio 9	ExchangeRight
recBKjj7nWOvYm9G0	Hotel	Courtyard - Jacksonville, FL	Peachtree Group
recBLkc1RBnffabut	Credit - Hotel	Sonesta ES Suites - Minneapolis, MN	Peachtree Group
recBOEiRBXgTiuzW9	Hotel	DoubleTree - Biloxi, MS	Peachtree Group
recBSQP9l0npTQAdo	Hotel	Fairfield Inn & Suites - Indianapolis, IN	Peachtree Group
recBZH0DYSvaBIqbn	Credit - Multifamily	Retail and Single Family - Brevard, NC	Peachtree Group
recBdRkd2Dnweacw4	Credit - Hotel	Springhill Suites - Reno, NV	Peachtree Group
recBnfuZnJLG4agKF	Credit - Hotel	Element - Houston, TX (Non-Fund)	Peachtree Group
recBqTtaKvz2d88fC	Credit - SFR	Ranch Home (Allerbest) - Thomasville, GA	Peachtree Group
recBr2foqpkrY4y4E	Credit - Hotel	Wingate - Mooresville, NC	Peachtree Group
recBswoIv6HemQHJe	Credit - Office	Office Condo - Matthews, NC	Peachtree Group
recBxo3rDcDUDTOlk	Hotel	Holiday Inn Express - Pell City, AL	Peachtree Group
recBz5xh0DPt4s7sy	Office	Citi Office Building - Columbus, OH (LOAN DEFAULT - excluded from IPC disposition table)	Inland Private Capital
recC0DOdSnHotjc8v	Credit - Hotel	Country Inn & Suites - Augusta, GA	Peachtree Group
recC1TJSBnJ3MjSYy	Credit - Hotel	Days Inn - Kearney, NE	Peachtree Group
recC25NCMG4xBx5jw	Credit - Hotel	Aloft - Detroit, MI	Peachtree Group
recC64aw1sgmHlEMe	Credit - Hotel	Hampton Inn & Suites - Charlotte Airport, NC	Peachtree Group
recC67afOF3EafTix	UNIDENTIFIED - not disclosed in Table 2	LSC-BIO HC1, DST	Livingston Street Capital
recC9IribVBbKPXze	Credit - Hotel	TownePlace Suites - Loveland, CO	Peachtree Group
recCAStbDLF3sDBEj	Credit - Retail	Crocker & Towne Wholesale Mart - Los Angeles, CA	Peachtree Group
recCCVvWXw7R8GyB3	Student housing	University Lofts, L.L.C.	Inland Private Capital
recCFKx3UToImD3dY	Retail	Arlington Highlands Retail Center - Arlington, TX	Syndicated Equities
recCNNLjWMli88B9w	Credit - Hotel	Bull Moose Lodge - Alpine, WY	Peachtree Group
recCPzfby1JUZqnDz	Net-leased retail	Jared	AEI
recCZEHlpFgy8lNrC	Credit - Hotel	Courtyard (Note 1) - Newark, OH	Peachtree Group
recCZeTybksijcZoM	Credit - Hotel	Comfort Suites - Perrysburg, OH	Peachtree Group
recCaWx19xacIsPjA	Retail	Discount Retail Venture I DST	Inland Private Capital
recCeqRf686I0ybKf	Multifamily / residential	Deercross Apartments	Bluerock
recClDIW2CvhaGZEJ	Self storage	Midgard Pawleys Island	Reliant
recClGMjI5iybvWzN	Net-leased restaurant	Carino's	AEI
recCsJpFC6b5qI7qS	Multifamily / residential	Broad River Trace - Columbia, SC	Passco Companies
recCyNXucwXjqzfLL	Multifamily / residential	Wesley Village	Bluerock
recD1m9G0V4hYoTWk	Multifamily / residential	Sovereign Apartments	Bluerock
recD3NxFDCiUYF7UD	Multifamily	NREA Meritage DST	NexPoint
recD4F0aWGNXR9UMV	Credit - Hotel	La Quinta - Fort Myers, FL	Peachtree Group
recD8u8VxXRXfj6Jw	Net-leased pharmacy	Walgreens - Del City, OK	Syndicated Equities
recD9FIaIwl88ZHYd	Hotel	Country Inn & Suites - Montgomery, AL	Peachtree Group
recDA80K19THhomdT	Credit - Hotel	Holiday Inn & Waterpark - Dundee, MI	Peachtree Group
recDHi0298RZBMvof	Multifamily / residential	Domain at the One Forty	Bluerock
recDJppwyYUZ5Uvjd	Multifamily / residential	Arium Westside	Bluerock
recDLuX021eJgePj3	Multifamily / residential	Arium Hunters Creek	Bluerock
recDRgo4bi0nDFExm	Medical office	Healthcare Portfolio DST	Inland Private Capital
recDRsmC8L4rqfwQs	Retail	Creekwalk Village - Plano, TX	Passco Companies
recDSAZ6xcR5bn7du	Multifamily / residential	Alexan City Centre	Bluerock
recDVqPxFJWoMvik4	Net-leased restaurant	Carino's	AEI
recDWTu7n9wIvlaY5	Net-leased restaurant	Champps	AEI
recDbPnkOxfsBOKKK	Multifamily / residential	The Ashford	Bluerock
recDbcddaFZsV3qC2	Credit - Hotel	Wingate Inn - Fairburn, GA	Peachtree Group
recDeMcORnPHapX2p	Multifamily / residential	Grand at Westside	Bluerock
recDlXBW9qIeqngZE	Office	Miami Office DST	Inland Private Capital
recDq9grFXnNYa0Ly	Multifamily / residential	Parkcrest Landings - Bradenton, FL	Passco Companies
recDufgbyZru34Bnw	Credit - Hotel	Holiday Inn - Tacoma, WA	Peachtree Group
recDvYNuhe9cdoX3u	Credit - Hotel	Hampton / Holiday Inn Express (A Note) - Kansas City, KS	Peachtree Group
recE5OhqXy9JnveUR	Credit - Hotel	Best Western - Santa Clara, CA	Peachtree Group
recE6YRYtn0y6R0pX	Multifamily / residential	Village Green	Bluerock
recE79HlrNrxkNGoY	Multifamily / residential	Avenue 25	Bluerock
recE82ZfnZ7TXHJxk	Net-leased pharmacy	Walgreens - Darien, IL	Syndicated Equities
recEAOaUd9a0og75S	Net-leased retail (fund-level)	Net-Leased Preferred Equity Fund 2	ExchangeRight
recEE7wjWWrKsTRbc	Hotel	Residence Inn - Southern Pines, NC	Peachtree Group
recEF6EFNpSNBRUWT	Credit - Hotel	Comfort Inn - Yankton, SD	Peachtree Group
recEFBJWK1pnFSUi7	Multifamily / residential	The Commons on Anniston	Bluerock
recEHU8kPbs950ptP	Office	Inland Sioux Falls, L.L.C.	Inland Private Capital
recEMKcxeA8BCajUC	Credit - Hotel	AC - Phoenix, AZ	Peachtree Group
recEMh4OSCZMSa3i4	Credit - Hotel	Hampton Inn - Cartersville, GA	Peachtree Group
recEQSRFrnZwKSE1c		Mars Petcare - Columbus, OH	Syndicated Equities
recEfGsm6wxWuh43w	Net-leased restaurant	Applebee's	AEI
recEgmps1zNxrVCAl	Credit - Hotel	AC Hotel - Brentwood, TN	Peachtree Group
recEhQ9QRt5DZAT5L		Merit Medical - Pearland, TX	Syndicated Equities
recEhQrWaXKonXe8B	Credit - Hotel	Curio (Note 2) - Chattanooga, TN	Peachtree Group
recEiPz0VJA47iKaq	Credit - Hotel	Holiday Inn Express - Louisville, KY	Peachtree Group
recEpqCBkoDZV5iWv	Credit - Hotel	Country Inn & Suites (Note A) - California, MD	Peachtree Group
recEqwOF1vLpotLUA	Credit - Hotel	Country Inn & Suites - McDonough, GA	Peachtree Group
recErqLiY82GngAsZ	Credit - Hotel	Homewood Suites - East Syracuse, NY	Peachtree Group
recEs9TVGICBW75vT	Multifamily / residential	Big Creek	Bluerock
recEuTwCiMZajznvG	Retail	FSC AS Mt. Juliet TN, DST	Four Springs TEN31 Xchange
recEzOecYsG252HIh	Credit - Hotel	Hilton Garden Inn - Pascagoula, MS	Peachtree Group
recF4OAQGhCn1H8H6	Net-leased retail & healthcare	Net-Leased Portfolio 21	ExchangeRight
recF4nNQSFY9SksEx	Net-leased retail	Net-Leased Portfolio 2	ExchangeRight
recF9Sj36eCqrth5i	Credit - Hotel	Home2 Suites - Youngstown, OH	Peachtree Group
recFOfXy16OxIYLFX	Multifamily	Multifamily 2 - Mira Bella and San Martin Apartments	ExchangeRight
recFSUO8bTiss6YLv	Hotel	Courtyard - Starkville, MS	Peachtree Group
recFXRexaHCdzNGwP	Multifamily / residential	Ansley Village	Bluerock
recFhyvJFky0fJCWe	Multifamily / residential	The Mills	Bluerock
recFnGT1I348eItoq	Multifamily / residential	Boot Ranch Apartment - Tampa, FL	Syndicated Equities
recFu5S9n2EVZeFhu	Multifamily / residential	Navigator Villas	Bluerock
recFxyHg10ObwTAE8	Self storage	Midgard Columbia	Reliant
recFypPjpCiLiIhBA	Self storage	Midgard Rock Hill	Reliant
recFzYosjbnzFe48T	Self storage	Midgard Lake Wylie	Reliant
recG0YKRWXJZJmHu7	Government / GSA-leased	Social Security Administration - Aurora, IL	Syndicated Equities
recG1K7KkuASDULHb	Multifamily / residential	Ashford Belmar	Bluerock
recG1zm856FUblnfD	Net-leased pharmacy	Walgreens - Pueblo, CO	Syndicated Equities
recG8LY1QMGgvF0tG	Credit - Hotel	Country Inn & Suites (Note 1) - Kearney, NE	Peachtree Group
recG8t41s0cyIUEgu	Undeveloped / pre-development land	Ontario, Canada - BULK SALES (56 projects)	Walton Global
recG9qaX5uD1Qcy8N	Credit - Hotel	Staybridge Suites - Hillsboro, OR	Peachtree Group
recGCsJrc2gJ0PsCa	Multifamily	NREA Adair DST	NexPoint
recGGPYG9GpTospj8	Multifamily / residential	Greenwood Reserve - Olathe, KS	Passco Companies
recGIZVHIv99kTxjZ	Credit - Hotel	Sonesta ES Suites - Birmingham, AL	Peachtree Group
recGSu2Ma8BJk1Fp7	Net-leased retail	Net-Leased Portfolio 16	ExchangeRight
recGXkYN7HT0Jao9W	Multifamily / residential	The District at Scottsdale	Bluerock
recGYhBiUvHeNpl03	Credit - Hotel	La Quinta (Note A) - Winchester, VA	Peachtree Group
recGZUxj9rKfTM1n5	Hotel	Staybridge Suites - Madison, WI	Peachtree Group
recGZffTeFiamYZTY	Multifamily	CF Bellevue Multifamily DST	Cantor Fitzgerald
recGcHGn3FzevqvWb		Stone Falls of Ada - Ada, Michigan	Syndicated Equities
recGeTVM7kl4KI0KC	Credit - Multifamily	Townhome Development - Asheville, NC	Peachtree Group
recGgMo4W8Vi2QlTF	Net-leased restaurant	Carino's	AEI
recGkLZeHie8noO5c	Credit - Hotel	Home2 Suites - Bloomington, IN	Peachtree Group
recGlC8naUVZEf0mH	Credit - Hotel	Holiday Inn Express - Chalmette, LA	Peachtree Group
recGoCz0E6LzIQiYQ	Credit - Hotel	Hilton Garden Inn - Duluth, GA	Peachtree Group
recGt2Jj41lOLgB4h	Net-leased retail	Carmax	AEI
recH2DTVzRE7wHZ2l	Credit - Hotel	Holiday Inn Express (Note 2) - Livonia, MI	Peachtree Group
recH3ttO9ybvyS1zB	Multifamily / residential	Arbor Terrace	Bluerock
recH4Tuf8kkQ4cGGV	Net-leased retail (fund-level)	Net-Leased Preferred Equity Fund 3	ExchangeRight
recH7p7ZzQwddQuEp	Net-leased early education / childcare	KinderCare	AEI
recH9J80N0p8sDCaj	Credit - Hotel	Courtyard - Florence, SC	Peachtree Group
recHAdCrA2TCtVpLO	Office	Two Park Office Building - Milwaukee, WI	Syndicated Equities
recHNXLGybBuGXhzo	Multifamily / residential	Carrington Park Apartments	Bluerock
recHWAyzF3cMwXrxU	Credit - Hotel	Holiday Inn Express & Suites - Bradenton, FL	Peachtree Group
recHal9fUDo5qF8B9	Credit - Hotel	Element - West Windsor, NJ	Peachtree Group
recHevzE9BwXGUoQ9	Net-leased retail	Net-Leased Portfolio 3	ExchangeRight
recHfQXdkSZ6iJQyF	Multifamily / residential	Axis West	Bluerock
recHgVy28TktKd0cP	Multifamily / residential	Stonegate - Birmingham, AL	Passco Companies
recHnNvEtDirGjNCC	Credit - Hotel	Cambria - Austin, TX	Peachtree Group
recHngF0pI68wrhYU	Hotel	Hilton Garden Inn - Jackson, TN	Peachtree Group
recHoY2QXby9u8t0l	Multifamily	NREA Estates DST	NexPoint
recHpGebG5nvRpg8H	Credit - Hotel	Home2 Suites - Durham, NC	Peachtree Group
recHwlv3DJdX0xKwG	Hotel	Hampton Inn - Starkville, MS	Peachtree Group
recHyyon6840gw9Sp	Retail	Yuma Palms 1031, L.L.C.	Inland Private Capital
recI3zdQzfesugx9W	Multifamily / residential	Asheville - Asheville, NC	Passco Companies
recI9QDhUDKVBSDcI	Self storage	Storesmart Fayetteville GA	Reliant
recIA8bsmpba8fPQB	Credit - Hotel	Comfort Inn - Lumberton, NC	Peachtree Group
recIBlw47yDO10ReK	Net-leased restaurant	Gingham's	AEI
recICg0JyyieEDfME	Multifamily / residential	Pine Lakes Preserve	Bluerock
recIIT04V9F8qB3Z9	Multifamily / residential	CoHo House	Bluerock
recIJf1PDRpDL59Dp	Credit - Hotel	Holiday Inn (B Note) - Omaha, NE	Peachtree Group
recIKDYpQmfKHE7ob	Multifamily / residential	Arium Glenridge	Bluerock
recIQYayGBfnZoI4u	Credit - Hotel	My Place Hotel - Fargo, ND	Peachtree Group
recIQoP3lXPkyB2hB		840 1st Street - Washington, DC	Syndicated Equities
recITCjm9OFa8Ez7Y	Self storage	Strategic Storage Trust IV, Inc. (SST IV)	Blue Door
recIXKk4gg85a4Yzi	Retail	Cincinnati Eastgate 1031, L.L.C.	Inland Private Capital
recIc39eDWN3MewVN	Credit - Hotel	TownePlace Suites - Houston, TX	Peachtree Group
recIeuhh210aeXwYu	Hotel	Hilton Garden Inn - Indianapolis, IN	Peachtree Group
recIhNiRvAY73OkUF	Credit - Hotel	Holiday Inn Express - Pittston, PA	Peachtree Group
recImEWDJu35gxcH4		Johns Hopkins Applied Physics Lab - Laurel, MD	Syndicated Equities
recJ0PsBAOaDj4oze	Credit - Hotel	La Quinta - Savannah, GA	Peachtree Group
recJ2bXNNsYoBMqFQ	Hotel	Fairfield Inn & Suites - Gadsden, AL	Peachtree Group
recJ30Y2ZWWx5OdVJ	Net-leased pharmacy	Rite Aid	AEI
recJ3RZjfUXuB6leJ	Credit - Hotel	Staybridge Suites - Willowbrook, TX	Peachtree Group
recJ45g7f0wwMRRgr	Credit - Hotel	Wingate - Sioux City, IA	Peachtree Group
recJ5OXtioe7cDbZH	Office	LV-M Venture Holdings, DST	Inland Private Capital
recJBh3WnktsGw9l4	Credit - Hotel	Sonesta Simply Suites - Detroit, MI	Peachtree Group
recJLKZLPs0OiHeyI	Retail	Countrywood Crossing Shopping Center - Memphis, TN (LOAN DEFAULT - excluded from IPC disposition table)	Inland Private Capital
recJLUhe21Yhay0tv	Credit - Hotel	Curio (Note 1) - Chattanooga, TN	Peachtree Group
recJTcqB0JaGidO3z	Credit - Hotel	Fairfield Inn - Orange Beach, AL	Peachtree Group
recJW81XRJyNbJJEz	Credit - Hotel	Element - Lone Tree , CO	Peachtree Group
recJWnFAZkR7v7wSW	Multifamily / residential	Thornton Flats	Bluerock
recJflxqESvbuIwKF	UNIDENTIFIED - not disclosed in Table 2	LSC-FAUR MC3, DST	Livingston Street Capital
recJgGzk2kTdlfUlq	Multifamily / residential	Valley Townhomes	Bluerock
recJiSrKadXZ6JAYp	Credit - Hotel	Country Inn & Suites - Rossford, OH	Peachtree Group
recJiUdN01fEHHKv8	Hotel	Embassy Suites - Williamsburg, VA	Peachtree Group
recJpkLuVtTCefUev	Net-leased restaurant	Arby's	AEI
recJuZmQeR0aqr370	Credit - Hotel	Residence Inn - Pasadena, TX	Peachtree Group
recJx4XV5tN4rIIih	Net-leased restaurant	BJ's Restaurant & Brewhouse / Champps	AEI
recJyo1ZFu9UCsz7n	Multifamily / residential	Roswell City Walk	Bluerock
recK04OTcq7HE9IgT	Industrial	FSC MRC Odessa TX, DST	Four Springs TEN31 Xchange
recK37LuwemNmWV5s	Credit - Hotel	AC - Tampa, FL & SHS - Orlando, FL (2-Pack)	Peachtree Group
recK5Ok8QSgTqfBo8	Multifamily / residential	Wilkinson Crossings at Dawsonville	Bluerock
recK86JbfJ0H5AIyU	Retail	Laveen Market Place - Phoenix, AZ	Passco Companies
recKAISmCvPx7lgEE	Multifamily	Cary Custom 1031, L.L.C.	Inland Private Capital
recKL8hO71VH721Nh	Retail	Lincoln Plaza - Tacoma, WA	Passco Companies
recKZlMpcjrUuOyAe	Multifamily / residential	Lexington - Nashville, TN	Passco Companies
recKiZHzMb49E7jN4	Credit - Hotel	Holiday Inn Express - Bellevue, KY	Peachtree Group
recKizIx92HNbpDBB	Undeveloped / pre-development land	Passco Diversified Development Fund III, LLC	Passco Companies
recKmCd1CzC12efhl	Credit - Hotel	BentoLiving (Note A) - Nashville, TN	Peachtree Group
recKsuzCqylM5gjxk	Mixed Use	The Mill at MSU - Starkville, MS	Peachtree Group
recKuecvmqGiVXeEf	Medical Office	United Healthcare Portfolio - Las Vegas, NV	Syndicated Equities
recKuqYd9I0Yw9832	Credit - Hotel	Holiday Inn Express - Tavares, FL	Peachtree Group
recKuz52Eb5AeZRal	Hotel	Hampton Inn & Suites - Orlando, FL	Peachtree Group
recKxF21Z2lsEzGHw	Net-leased restaurant	Carino's	AEI
recL2BPP1gD1dxxPn	Multifamily	Lafayette Multifamily DST	Inland Private Capital
recL3F2lKh3dFZxoa	Retail	Broadway Commons DBT	Inland Private Capital
recL3if3dv16mG83U	Multifamily / residential	The Sanctuary	Bluerock
recL5HZRgQahcx6zv	Net-leased early education / childcare	KinderCare / Children's World	AEI
recL8zOO0SLYetMFm	Self storage	River Oaks - Houston, TX	Passco Companies
recLBmxel6EpMRrnl	Debt / notes program	Passco Diversified Fund II, LLC	Passco Companies
recLCzmtGYsgDmyP0	Multifamily / residential	Vicker’s Historic Roswell	Bluerock
recLGCqiexL6RJyDE	Credit - Hotel	Holiday Inn Express - Birmingham, AL	Peachtree Group
recLMQyIw1pQuH5kg	Credit - Hotel	Aloft / Element - Round Rock, TX	Peachtree Group
recLP3JCc2M5lyqmP	Multifamily / residential	Cottages at Port St. Lucie	Bluerock
recLSZoABnDMy5mBQ	Office	Sentry Office Building DBT	Inland Private Capital
recLcrXH4AoVoHqqf	Multifamily	FL-NY Multifamily Portfolio DST	Inland Private Capital
recLmRputSpdnDcFb	Self storage	Midgard Naples Vanderbilt	Reliant
recLoUDQV2hvULLP1	Retail	Mt. Pleasant Retail Venture DST	Inland Private Capital
recLpqSWab7qtUfaT	Multifamily	Multifamily 6 - El Paso Apartment Portfolio	ExchangeRight
recLv8JKB4kntEzYr	Retail	Aurora 1031, L.L.C.	Inland Private Capital
recLzEIeTuIQYQexS	Government / GSA-leased	National Fire & Resource - Tucson, AZ	Syndicated Equities
recMIFJKfnk99cCF2	Credit - Hotel	Holiday Inn Express (Note B) - Solana Beach, CA	Peachtree Group
recMJRYT8zm0GXYig	Multifamily / residential	The Stratford	Bluerock
recMKtfdhqQkERpUM	Net-leased restaurant	Arby's	AEI
recMN0liBxUFn8oQK	Credit - Hotel	Holiday Inn Express - Alpharetta, GA	Peachtree Group
recMOLEeSuwnwY4sJ	Credit - Hotel	Hampton Inn (Note A) - Alamosa, CO	Peachtree Group
recMTEqWFZOkPxUjT	Net-leased restaurant	Champps	AEI
recMU5aOVV0qEuwSJ	Credit - Hotel	Homewood Suites - Eatontown, NJ	Peachtree Group
recMWHxhxt1HqSZR0	Self storage	Storesmart Fayetteville GA	Reliant
recMaHvdmsaRrkYcp	Retail	Pointe Plaza Shopping Center - Niles, IL	Syndicated Equities
recMiR6Xf2OJOFd5L	Credit - Hotel	SpringHill Suites (Note 2) - Coralville, IA	Peachtree Group
recMjBOu1eJ7Gfu3O	Credit - Mixed Use	Stanford 1050 - Los Angeles, CA	Peachtree Group
recMlnG06TGZ7TcvY	Credit - Hotel	LaQuinta Inn (Note 2) - Lenexa, KS	Peachtree Group
recMn8iUgisuxNZH2	Multifamily / residential	Alexan Southside Place	Bluerock
recMrIR81Xwg6g2hc	Credit - Hotel	BB&T Quarter 3 2012 Portfolio	Peachtree Group
recMrXsPnuT9BBUTN	Multifamily / residential	Windsor Falls	Bluerock
recMuUQN5NkKLpqzL	Hotel	TownePlace Suites - Southaven, MS	Peachtree Group
recMvMPiks6YBHi12	Multifamily / residential	Sundance Creek - McDonough, GA	Passco Companies
recMwpLyBQV3rPyFY	Multifamily / residential	Lower Broadway	Bluerock
recMyj3LLnRWic54N	Credit - Hotel	Home2 Suites - Florida City, FL	Peachtree Group
recN64Q2L48MxDUGF	Credit - Hotel	Holiday Inn - Mobile, AL	Peachtree Group
recN6joaa6uqOf7bl	Office	Charlotte Office 1031 DST	Inland Private Capital
recNA73mqJHT6DR09	Hotel	Residence Inn - Little Rock, AR	Peachtree Group
recNIvldIVRqIo9JR	Credit - Hotel	Sonesta ES Suites - Middleburg Heights, OH	Peachtree Group
recNK6PyZ4JgLsmca	Retail	National Net Lease Portfolio V DST	Inland Private Capital
recNKO0cYsX6777lq	Credit - Hotel	Holiday Inn Express (Note A) - Charlotte, NC	Peachtree Group
recNKPyX2bigZgX66	Credit - Hotel	AC - San Diego, CA	Peachtree Group
recNRMN6Vut6OtUgq	Multifamily / residential	Raveneaux - Houston, TX	Passco Companies
recNSQcDN2FjSNPM0	Credit - Hotel	Country Suites - Wilmington, NC	Peachtree Group
recNWdCuOvDBCLM65	Medical Office	ARC Houston Healthcare, DST	ARCTRUST
recNatZmr479HFiZv	Credit - Hotel	President Hotel (B Note) - Kansas City, MO	Peachtree Group
recNkUN5uKF4DnGhg	Government / GSA-leased	Customs & Border Patrol - Atlanta, GA	Syndicated Equities
recNlFj0EV4VjFNdW	Credit - Hotel	TownePlace Suites - Irving, TX	Peachtree Group
recNn9aXyhuOonTRN		Legacy at Acworth - Acworth, GA	Syndicated Equities
recNpEHKU2IK60Zlu	Credit - Hotel	Fairfield Inn & Suites (Note B) - Fort Morgan, CO	Peachtree Group
recNx5BGJ0ZwP8Moo	Credit - MultiFamily	Hanley & Mote - Covington, GA	Peachtree Group
recNxhbUk1S7lBpbj		The Vista & Willow Creek - Portage and Battle Creek, MI	Syndicated Equities
recNzX2OXRmr5Zf6X	Credit - Hotel	Hampton Inn - Bowie, MD	Peachtree Group
recO1W4qLbJHlAeB7	Retail	Shops of Beverly - Beverly, IL	Syndicated Equities
recO4C1N2PPMUBDFo	Net-leased restaurant	Applebee's	AEI
recO5CT66QpreQtQW	Retail	Fashion Outlet Center - Las Vegas, NV	Syndicated Equities
recO88ZChxGytwHuu	Net-leased restaurant	Fuddruckers	AEI
recOCAkz1BncVvS2A	Credit - Hotel	Holiday Inn Express - Jacksonville, FL	Peachtree Group
recOGaAfu6N19WDX0	Hotel	Staybridge Suites - Middleton, WI	Peachtree Group
recOMS0hOuc2SSXa5	Hotel	Hampton Inn - Plantation, FL	Peachtree Group
recONyFXE7slMu9Op	Credit - Hotel	Hampton Inn (Note B) - Cullman, AL	Peachtree Group
recOOMvDfyaDnoc5J	Self storage	Self-Storage Portfolio V DST	Inland Private Capital
recORJjP2L8WsMNj0	Self storage	Fund I	Reliant
recORYMOd2JXYnFf2	Retail	Modesto Retail Center DST	Inland Private Capital
recOVFyJRNhJ9cwZ8	Retail	National Net Lease Portfolio VI DST	Inland Private Capital
recOmemXlIxhw9xqB	Credit - Hotel	Fairfield Inn & Suites - East Syracuse, NY	Peachtree Group
recOrSe2WaG4ttFaQ	Credit - Hotel	Hampton Inn - Tampa, FL	Peachtree Group
recOvheQK6Qn8FRW4	Credit - Office	Office Building (Acorn) - Thomasville, GA	Peachtree Group
recP4G7zPd8PtHQ6u	Multifamily / residential	Riverside Apartments	Bluerock
recP6Kg37o9NfKQaf	Self storage	Midgard Mall Drive	Reliant
recP7z7XeaPtQ0BVN	Retail	Clay 1031, L.L.C.	Inland Private Capital
recPAlDFjd9ogEuYs	Credit - Hotel	Dolphin Inn - Virginia Beach, VA	Peachtree Group
recPC80aNMp0evNYs	Multifamily / residential	Arlington - Spanish Fort, AL	Passco Companies
recPG6YrHF1aCT7jO	Credit - Hotel	SpringHill Suites (Note 1) - Coralville, IA	Peachtree Group
recPIABs4Qg850aGJ	Net-leased restaurant	Tumbleweed	AEI
recPJqGzxj68pkht6	Credit - Hotel	Courtyard (Note 2) - Niagara, NY	Peachtree Group
recPKRLrzHo5LGDWG	Credit - Hotel	EVEN - Atlanta, GA	Peachtree Group
recPMAjlpYWbVBZTl	Credit - Hotel	Homewood Suites - Macon, GA	Peachtree Group
recPN6ZTRS5bi2KPJ	Credit - Hotel	Best Western - Mesa, AZ	Peachtree Group
recPOpp0PUEbfgesP	Debt / notes program	Acquisitions Notes 2	ExchangeRight
recPdC5t80pkCbiI4	Credit - Hotel	Hyatt Regency - Newport Beach, CA	Peachtree Group
recPdGPSxKEzCYniE	Multifamily / residential	Village at Lionsgate - Overland Park, KS	Passco Companies
recPfDqO5l0U6SKeQ	Credit - Hotel	LIXI 4-Pack - Various, NY/NJ	Peachtree Group
recPh4GxNaSxktK67	Multifamily / residential	Creekside Village	Bluerock
recPn7m9JC6EJu7eW	Credit - Hotel	Hotel Indigo - College Park, GA	Peachtree Group
recPqN029szvwyvSc	Retail	Family Discount Portfolio III DST	Inland Private Capital
recPrQQzW4fQf7t35	Net-leased pharmacy	Walgreens - Clarkston, MI	Syndicated Equities
recPtlWTWOesxw7Fd	Self storage	Storesmart South Wake (Raleigh)	Reliant
recPu7yuUoXMNEDv5	Credit - Hotel	Sonesta Simply Suites - Detroit, MI	Peachtree Group
recPxePN4Q0bCEdah	Net-leased restaurant	Champps	AEI
recPzazYGhamMLWAj	Credit - Hotel	Fairfield Inn & Suites - Jacksonville, FL	Peachtree Group
recQ2GqwmQ6irfSEQ	Credit - Hotel	Sonesta ES Suites - Lombard, IL	Peachtree Group
recQ36Lp48Vl1DlGr	Medical Office	Henry Ford Health - OptimEyes - Southfield, MI	Syndicated Equities
recQDoV6K2WFcjPpj	Credit - Hotel	Holiday Inn (B Note) - Bristol, VA	Peachtree Group
recQLIZob0CZzc9wJ	Hotel	Hilton Garden Inn - Tupelo, MS	Peachtree Group
recQRWhe1MjfPMjYt	Credit - Hotel	Hampton Inn - Kilgore, TX	Peachtree Group
recQSwrLDLHPWSTh3	Multifamily / residential	Lone Oak - Round Rock, TX	Passco Companies
recQh2hNHV1y5ikoz	Credit - Hotel	Holiday Inn Express - Daytona Beach, FL	Peachtree Group
recQj17dnpEE7CCm5	Office	Macon Office DST	Inland Private Capital
recQoOnLWKmhg0u1H	Credit - Hotel	Sea Breeze Inn - Fort Walton, FL	Peachtree Group
recQsaGkj0Dh0IKRT	Credit - Hotel	EVEN - Tinley Park, IL	Peachtree Group
recQssh9R4JYu8MLJ	Credit - Hotel	Home2 - Fort Mill, SC	Peachtree Group
recQxZcQMddglBlch	Net-leased restaurant	Carino's	AEI
recR0QepvMpG44YcS	Credit - Hotel	Fairfield Inn & Suites - Temecula, CA	Peachtree Group
recR49t8zWWB8C4qZ	Hotel	TownePlace Suites - Chandler, AZ	Peachtree Group
recR5xRJDCyvNhyCL	Self storage	Self-Storage Portfolio IV DST	Inland Private Capital
recR7GKo5g9rcAiXm	Multifamily / residential	Stratford	Bluerock
recRAySPAz89WugHE	Credit - Hotel	Hyatt Place - Fort Myers, FL	Peachtree Group
recRFzysbh6QZkAFU	Credit - Hotel	Hampton Inn - Milwaukee NW, WI	Peachtree Group
recRJOqhjIf3M5w3j	Credit - Hotel	Hotel Indigo - Sarasota, FL	Peachtree Group
recRJu5udrwk0SKFn	Retail	Sears Sterling - Lombard, IL	Syndicated Equities
recRLLX4tlac4WOEk	Multifamily	Multifamily 3 - Lakeside at Arbor Place Apartments	ExchangeRight
recRMDB15fO3kRfg6	Credit - Retail	Mall at Robinson - Pittsburgh, PA	Peachtree Group
recRMcquAsWdZkVQI	Credit - Hotel	EVEN - Atlanta, GA	Peachtree Group
recRSf68SoJD57xHg	Credit - Hotel	Westin - Tampa, FL	Peachtree Group
recRYGSoENiaxGLiP	Multifamily / residential	The Cottages at Warner Robins	Bluerock
recRYQQ2Socc1QS7I	Multifamily / residential	Grove at Waterford	Bluerock
recRk5FBiLRaW68qr	Multifamily / residential	Sierra Terrace	Bluerock
recRqKIyk7mgumj9n	Net-leased restaurant	Applebee's	AEI
recS1gvP2BDpMTdQ7	Self storage	Storesmart Watkinsville	Reliant
recS2VzgqRAqUroMo	Multifamily / residential	Elan Apartments	Bluerock
recS7aZSoCD3QW1Mq	Multifamily / residential	Hickory Hollow - Antioch, TN	Passco Companies
recSBJiWsgbdKnHjl	Credit - Hotel	Candlewood Suites - Winnemucca, NV	Peachtree Group
recSDZSVzHTkhY6sm	Debt / notes program	Acquisition Notes	ExchangeRight
recSFsZIMfmsdYPg5	Retail	PNS Grocery DST	Inland Private Capital
recSLp0AlhEFrufGq	Retail	Discount Retail Venture II DST	Inland Private Capital
recSMDPitW0i7ErlV	Retail	Lake Meade - North Las Vegas, CA	Passco Companies
recSS7kgcPr4AsAPy	Retail	Pharmacy Sale Leaseback II DST	Inland Private Capital
recSWPaeUi6NvjXiD	Multifamily / residential	The Riley	Bluerock
recSfiwpFW8oZivSl	Credit - Hotel	Fairfield Inn & Suites - Alexandria, VA	Peachtree Group
recShUQ0ORwqCTHcm	Multifamily / residential	Villas at Oak Crest	Bluerock
recSkv9Ug0Bogc7pU	Self storage	Storesmart Buford	Reliant
recSqkfLmNAZTe1cX	Multifamily / residential	Tech Ridge	Bluerock
recSveO4NVQJNnFjF	Retail	Metropolitan Place Retail - Chicago, IL	Syndicated Equities
recSxEPQTXkrnPiIo	Hotel	Marriott Fairfield Inn - Milwaukee, WI	Syndicated Equities
recT0FnGPiPgV3ay9	Office	Visions Drive 1031 DST	Inland Private Capital
recT4a4j2yKVSqy7Z	Credit - Hotel	Sonesta ES Suites - Middleburg Heights, OH	Peachtree Group
recTCjMjR9UbLQx5p	Multifamily / residential	Indian Springs	Bluerock
recTF7TbUGA1LJj2s	Medical Office	NorthShore University HealthSystem - Bannockburn, IL	Syndicated Equities
recTFGI7KUYSYNMNn	Multifamily	Ft. Collins Multifamily III DST	Inland Private Capital
recTGrA5YIWMpC1yp	Credit - Hotel	Staybridge Suites - South Bend, IN	Peachtree Group
recTIAHXrelnnuFH5	Medical Office	Rush-Copley - Aurora, IL	Syndicated Equities
recTK055kHqR51OPT	Office	Schaumburg Childcare DST	Inland Private Capital
recTNBvu1lHme9amF	Credit - Retail	Town Center at Cobb - Kennesaw, GA	Peachtree Group
recTNDVrw5DVx1Vob	Credit - Hotel	Aloft - Columbia, SC	Peachtree Group
recTPmREetsBDlCe9	Hotel	Fairfield Inn & Suites - Charlottesville, VA	Peachtree Group
recTWFxnbnN3UwKLT	Credit - Hotel	LivInn Suites - Sharonville, OH	Peachtree Group
recTWT5nv9rXjFjyK	Hotel	Holiday Inn - New Orleans, LA	Syndicated Equities
recTYodfvzVYdbkjd	Multifamily	Bradenton Multifamily DST	Inland Private Capital
recTcPy6XNpZsKAHL	Credit - Hotel	Comfort / MainStay - Cincinnati, OH	Peachtree Group
recThpNqC75YekNRM	Industrial	FSC GM Lebanon IN, DST (Gander)	Four Springs TEN31 Xchange
recTji4xWsQpmQhtp	Credit - Hotel	BentoLiving (Note B) - Nashville, TN	Peachtree Group
recTlBJqfpOR25GV8	Credit - Hotel	Holiday Inn - Mount Olive, NJ	Peachtree Group
recTvpZmBHwjBYdXF	Credit - Hotel	Holiday Inn Express - Auburn, AL	Peachtree Group
recU12T1t2eLc8Vau	Retail	Courtland Center - Burton, MI	Syndicated Equities
recU6es4QC88MPiNC	Credit - Mixed Use	CNL - 1st DOT (Participation) - Los Angeles, CA	Peachtree Group
recU8hGinT3wlEFiu	Credit - Hotel	Hampton Inn - Panama City Beach, FL	Peachtree Group
recUCCVWc8UMMwknW	Credit - Hotel	Best Western - Macomb, IL	Peachtree Group
recUHoaF3Z81shPiL	Credit - Hotel	Fairfield Inn & Suites (Note A) - Fort Morgan, CO	Peachtree Group
recUT6oUKOCTc5eVs	Net-leased retail	Cash America	AEI
recUdfNfbn3bFlcfc	Hotel	Courtyard - Columbia, SC	Peachtree Group
recUm9aQ5t1XBHdRe	Multifamily / residential	Sonoma Pointe	Bluerock
recUoJ4TLLgGzpSnN	Multifamily	Colorado Multifamily Portfolio DST	Inland Private Capital
recUp9dHKUPjgz2eD	Multifamily / residential	Encore Chandler	Bluerock
recUqFVUAUhhGyC6E	Multifamily / residential	Longitude 82 - Sarasota, FL	Passco Companies
recUqiXJ2Uh7yS3AI	Retail	Hanford Mall - Hanford, CA	Passco Companies
recUzKDXpuDRFdXId	Debt / notes program	Series 2005-A 8% Participating Debentures	Passco Companies
recV5NYhNGOyJWz1v	Credit - Hotel	TownePlace Suites - Florence, SC	Peachtree Group
recVEpFopZHtxuW0S	Parking	Public Square Garage - Nashville, TN	Syndicated Equities
recVNtFTbM45UER1I	Credit - Hotel	Holiday Inn Express - Albany, NY	Peachtree Group
recVSRVJkcaLm59ot	Credit - Hotel	Courtyard - Cincinnati, OH	Peachtree Group
recVWDRwIFGnXHvbD	Hotel	Homewood Suites - Destin, FL	Peachtree Group
recVZT7YXIOLXHFiE	Multifamily	Multifamily 4 - North Austin Apartment Portfolio	ExchangeRight
recVZTBmZK2LtPX48	Credit - Hotel	Fairfield Inn & Suites / Four Points - Amarillo, TX	Peachtree Group
recVZsPkGnzjT410p	Net-leased restaurant	Chi-Chi's	AEI
recVcUHqFTpytz3bm	Credit - Hotel	My Place Hotel - Jamestown, ND	Peachtree Group
recVhlMJUnVej2Fgv	Credit - Other	Ample Korean Restaurant - Barstow, CA	Peachtree Group
recVjOIhDrvlml3FM	Multifamily / residential	Leigh House	Bluerock
recVpymRfVnrCor3Y	Credit - Hotel	DoubleTree - West Fargo, ND	Peachtree Group
recVrh4JLvO0ZTlln	Retail	Hillsboro 1031 DST	Inland Private Capital
recVwBjVvZQSxh82s	Credit - Hotel	Parkview Inn (Note A) - Syracuse, NY	Peachtree Group
recW5bKMQtwj2OFdS	Net-leased pharmacy	Rite Aid	AEI
recW6PmtIHHNv4y2i	Credit - Hotel	DoubleTree - Atlantic Beach, NC	Peachtree Group
recW7zcJEY4lan8d7	Retail	Memorial Square 1031, L.L.C.	Inland Private Capital
recWBa4titWaEYJk8	Hotel	Le Meridien Hotel - Chicago, IL	Syndicated Equities
recWDBzCeOfnIzatx	Credit - Hotel	Sonesta ES Suites - Minneapolis, MN	Peachtree Group
recWFrztBt1i1mMEu	Self storage	Midgard Naples 2	Reliant
recWRbp7cO2YhkdK4	Hotel	Hampton Inn & Suites - East Point, GA	Peachtree Group
recWTleRR6o21NfAI	Multifamily / residential	Weatherford BFR 185	Bluerock
recWUjtkeFVoanOLd	Credit - Hotel	Courtyard / Fairfield Inn and Suites - Lithia Springs, GA	Peachtree Group
recWVIAqWpwDtI0lO	Net-leased pharmacy	Rite Aid - Youngstown, OH	Syndicated Equities
recWXx9i4lwEe9IVe	Credit - Hotel	Sleep Inn Suites- Baltimore, MD	Peachtree Group
recWZQXVreCRTGpq0	Self storage	Storesmart Rockledge	Reliant
recWcEqTwOkthPlOP	Credit - Hotel	Days Inn - Gettysburg, PA	Peachtree Group
recWfp8c1KrOg98sn	Credit - Retail	Super Foodtown - Hempstead, NY	Peachtree Group
recWhTGbENCI4YQtG	Office	Bristol 1031 DST	Inland Private Capital
recWkFHYjxZgf6TQV	Net-leased retail	Tractor Supply	AEI
recWpJHz5V11xj7if	Credit - Hotel	Hilton Garden Inn - Arlington, VA	Peachtree Group
recWpOjZMfjw02NgW	Credit - Hotel	Springhill Suites - East Syracuse, NY	Peachtree Group
recWpknxa97WJ3tJW	Credit - Hotel	TownePlace Suites - Cincinnati, OH	Peachtree Group
recWtAjOdBsSyp1jA	Credit - Hotel	Hotel Indigo - Columbus, IN	Peachtree Group
recWuWE76lnRXrtP6	Multifamily / residential	Glenwood	Bluerock
recWyYgn7PRmiwh6W	Credit - Hotel	Hampton Inn & Suites (Note 1) - East Syracuse, NY	Peachtree Group
recWz4LOJYfecUYTu	Multifamily / residential	The Hartley at Blue Hill Loan	Bluerock
recX7uzbqq2Z5hQWv	Credit - Hotel	Hampton Inn (JFK) - Jamaica, NY	Peachtree Group
recXCbs09LuCD8Jqy	Net-leased restaurant	Tumbleweed	AEI
recXHSnu8vUn9KBCA	Multifamily / residential	Columns at Wakefield - Raleigh, NC	Passco Companies
recXPfMpRNa07TFDD	Multifamily / residential	Vue21 - Colorado Springs, CO	Passco Companies
recXaVPoy5t3TYOcm	Net-leased retail & healthcare	Net-Leased Portfolio 15	ExchangeRight
recXiw1mpA4Gl4KcZ	Credit - Hotel	Holiday Inn Express - Austell, GA	Peachtree Group
recXkCwCOfcwhgYcd	Undeveloped / pre-development land	Ontario, Canada - VTB SALES (vendor take-back)	Walton Global
recXtzBuYiTvIi00j	Credit - Hotel	Holiday Inn (A Note) - Bristol, VA	Peachtree Group
recY1V4rytFGSBy1x	Credit - Hotel	Resort at Port Arrowhead - Lake Ozark, MO	Peachtree Group
recY9ElITd1ucDEhn	Credit - Hotel	Holiday Inn Express - New Albany, IN	Peachtree Group
recYEFBdEaee3uMWe	Credit - Hotel	Element - Detroit, MI (Mezz)	Peachtree Group
recYIbTUvcXvfw00a	Net-leased retail	Aaron's	AEI
recYPqagJxt71I722	Multifamily / residential	Fox Hill	Bluerock
recYQf2NxTHMQ0KS0	Multifamily / residential	Brier Creek - Raleigh, NC	Passco Companies
recYRboWZpVjoLg3C	Retail	Olivet Church 1031, L.L.C.	Inland Private Capital
recYV6BSeIA14vvKZ	Credit - Hotel	Country Inn & Suites (Note 2) - Kearney, NE	Peachtree Group
recYYzgS1HWJTT6fg	Credit - Hotel	Best Western - Simi Valley, CA	Peachtree Group
recYgaUkJs6dbVA9v	Hotel	Crowne Plaza - Wauwatosa, WI	Peachtree Group
recYzQbmLllu9aUvz	Multifamily / residential	Willow Park	Bluerock
recZ0AkR2FUoOsXSU	Credit - Hotel	Homewood Suites - Gretna, LA	Peachtree Group
recZ73B1f9pqZXBP4	Credit - Hotel	Home2 Suites - Lakewood Ranch, FL	Peachtree Group
recZAR3p1eeB1wWHT	Multifamily / residential	Estates - Duluth, GA	Passco Companies
recZDFKgy0WMugwKz	Self storage	Storesmart Fayetteville GA	Reliant
recZEbaYNSnq0qAjC	Multifamily	Austin Lakeshore Multifamily DST	Inland Private Capital
recZF0qNDTxN0np2o	Self storage	Midgard Greenwood	Reliant
recZHpUd0nZTX4Idg	Credit - Hotel	Staybridge Suites - Plainfield, IN	Peachtree Group
recZNQ1yltGMkdT8j	Multifamily / residential	Ivy - Orlando, FL	Passco Companies
recZUvsqIHmplX2cw	Credit - Hotel	Springhill Suites - Panama City Beach, FL	Peachtree Group
recZb2g0xwLUQa67f	Multifamily / residential	Renew 3030	Bluerock
recZf3wu5zbNpXEFH	Self storage	Strategic Storage Growth Trust II, Inc. (SSGT II)	Blue Door
recZhqWjtzX1AJcAQ	Multifamily / residential	Orange City Apartments	Bluerock
recZqNEZFfsnAsUcc	Credit - Hotel	Country Inn & Suites - Birmingham, AL	Peachtree Group
recZsfdn1y4jXmNlP	Multifamily / residential	Veranda - Prospect, KY	Passco Companies
reca1PyFHZLaYo6xr	Credit - Hotel	Best Western Portfolio - Various, VA	Peachtree Group
reca1bI9x0j2o4X9j	Credit - Hotel	Sonesta ES Suites - Montgomery, AL	Peachtree Group
reca54BzmxleVVtHA	Net-leased restaurant	Timber Lodge	AEI
reca6Hl8uXBoBbwpc	Credit - Hotel	Fairfield Inn & Suites - San Francisco, CA	Peachtree Group
reca70kbL5NoXnwui	Credit - Hotel	Candlewood Suites - Fort Myers, FL	Peachtree Group
reca7ECxwAdWkJft0	Net-leased early education / childcare	KinderCare	AEI
recaAkrXea08Xq9pc	Credit - Hotel	Sonesta Simply Suites - Knoxville, TN	Peachtree Group
recaBsMxkJ2jYW7yr	Credit - Hotel	DoubleTree (Note B) - New Bern, NC	Peachtree Group
recaClrnA56Kg3Q8d	Retail	Naperville Retail Center DST	Inland Private Capital
recaEDO7XgFv7hTYo	Credit - Hotel	Hampton Inn - Metairie, LA	Peachtree Group
recaOvNEpG2574WMp	Multifamily / residential	Deerwood Apartments	Bluerock
recaU9oclAy1ppYmY	Hotel	Marriott Courtyard - Indianapolis, IN	Syndicated Equities
recaUQoL21lKRf4CX	Multifamily / residential	Chevy Chase	Bluerock
recaX7dVmBz6x3YGn	Credit - Hotel	Holiday Inn - Johnson City, TN	Peachtree Group
recaZ2N437aIE1uCP	Multifamily / residential	Plantation Park	Bluerock
recalQXAOS1Cx0DzP	Hotel	Four Seasons Hotel - Austin, TX	Syndicated Equities
recamEP1wjbCsDIPR	Multifamily / residential	The Reserve at Palmer Ranch	Bluerock
recanfUAeYQauHXYl	Credit - Land	Traton Homes Milford - Marietta, GA	Peachtree Group
recappIoQ9qcivfvm	Industrial	Zionsville Ground Express DST	Inland Private Capital
recatx1hnmPvpONlP	Multifamily / residential	West Loop Multifamily Development - Chicago, IL	Syndicated Equities
recawQ9EabGm4EylG	Credit - Hotel	Residence Inn - Hamilton Township, NJ	Peachtree Group
recawedneIjLMrDvg	Retail	Pharmacy Sale Leaseback DST	Inland Private Capital
recb3OGXzBRcRelcz	Multifamily / residential	Madison at Fairwood - Renton, WA	Passco Companies
recb6pbGpBD0ohbQU	Multifamily / residential	Mesa Ridge	Bluerock
recb9aiuteWA9IaiV	Multifamily / residential	Jefferson Place	Bluerock
recbAG6mCDC35VMgl	Credit - Hotel	Sleep Inn - Lake Charles, LA	Peachtree Group
recbBs4FnsYJ0I0lu	Office	Charlotte 1031, L.L.C.	Inland Private Capital
recbDnUzopdEe5CO5	Credit - Hotel	Hilton Garden Inn - Lawrenceville, NJ	Peachtree Group
recbGPT2waU7durAx	Credit - Hotel	Wingate Inn - Buford, GA	Peachtree Group
recbKoUSfOUse3900	Credit - Hotel	Hampton Inn & Suites (Note 2) - East Syracuse, NY	Peachtree Group
recbMIwyL5jLUYFEi	Credit - Hotel	Hilton Garden Inn - Davis, CA	Peachtree Group
recbNNuV8CT3UdBAx	Industrial	Schaumburg 1031 Venture, L.L.C.	Inland Private Capital
recbQSnxSw7JjWGLl	Credit - Hotel	Sea Mist Resort - Myrtle Beach, SC	Peachtree Group
recbSdrMgq9YPnbgL	Credit - Hotel	Hilton Garden Inn - Wesley Chapel, FL	Peachtree Group
recbb4LhzMRERipza	Net-leased restaurant	Taco Cabana	AEI
recbcWp9g41fgPZiZ	Self storage	Midgard Murrells Inlet Two	Reliant
recbcfsaf4Qq29ihA	Self storage	Midgard Greenville 2 (Butler Rd)	Reliant
recbdsbCWYdjfhAeB	Retail	Village at Orange - Orange, CA	Passco Companies
recbivXa06xykypEq	Undeveloped / pre-development land	Passco Germantown, LLC - Germantown, Tennessee	Passco Companies
recbjUIKW9w2emUgS	Multifamily / residential	Turkey Creek - Knoxville, TN	Passco Companies
recbjlxNOuCRUkcNY	Multifamily	Denver MSA Multifamily DST	Inland Private Capital
recblrpdRkzRp6N33	Multifamily	Multifamily 1 - Van Mark Creek Apartments	ExchangeRight
recbn3marQpjFZeuh	UNIDENTIFIED - not disclosed in Table 2	LSC-UKHS HC2, DST	Livingston Street Capital
recbn9DFWBtHiUTdN	Multifamily / residential	Almeria - Chandler, AZ	Passco Companies
recbokgMC1P3jixfk	Government / GSA-leased	Social Security Administration - Fort Wayne, IN	Syndicated Equities
recboqMOZiJc0AJi4	Credit - Retail	Crocker & Towne (Participation) - Los Angeles, CA	Peachtree Group
recbsgPaRhD7rNLgG	Debt / notes program	Passco Companies Income Fund I, LLC	Passco Companies
recbvBUvr9uFrvWEV	Credit - Hotel	Holiday Inn Express & Suites - Granger, IN	Peachtree Group
recbzBsOcmyVhy1S3	Multifamily / residential	Four Corners	Bluerock
recc3gakOdatE7pfo	Multifamily / residential	1000 West - Charleston, SC	Passco Companies
recc5IfB9eD4lNZAp	Credit - Hotel	Holiday Inn - Duluth, GA	Peachtree Group
recc683K1sm19YIAU	Credit - Hotel	Comfort Inn - Lancaster, PA	Peachtree Group
recc6Q9aROcraqAxP	Credit - Hotel	Holiday Inn Express & Suites - Carter Lake, IA	Peachtree Group
recc7G22eJao1BoCI	Credit - Other	Sprinkle Cutoff - Austin, TX	Peachtree Group
reccDRSSz04h8WgCa	Net-leased retail & healthcare	Net-Leased Portfolio 8	ExchangeRight
reccERVeuPmA4jd0K	Multifamily	Milwaukee MSA Multifamily Portfolio DST	Inland Private Capital
reccFYepWWSZCoWCi	Credit - Hotel	Hilton Garden Inn - Arlington, VA	Peachtree Group
reccTNhWUa8bIMUxm	Retail	River North Retail Development - Chicago, IL	Syndicated Equities
recceoJOJSe5zwlZz	Self storage	Storesmart Spring Lake	Reliant
reccfoshOhjynaJib	Credit - Hotel	Thompson - San Antonio, TX	Peachtree Group
recchAaMZVtWkyWEA	Hotel	Hampton Inn & Suites - Lake Mary, FL	Peachtree Group
reccisrphbVvHLfom	Multifamily / residential	Azure - St. Petersburg, FL	Passco Companies
reccsG0ugJi43017X	Credit - Hotel	Holiday Inn Express (Note B) - Las Vegas, NM	Peachtree Group
recctXM08MbwA3Qbt	Multifamily / residential	Marcus Pointe - Pensacola, FL	Passco Companies
recctnjT2vf5IoxxS	Multifamily / residential	Belmont Crossing	Bluerock
recctrTpHhYH4tctr	Debt / notes program	Acquisition Notes 3	ExchangeRight
reccxKlWYHLltpMgU	Self storage	Midgard Boat and Self Storage	Reliant
recd2ab6HBsmZN59U	Multifamily / residential	Alamance Reserve	Bluerock
recd4BvLyqV8lgKtB	Multifamily	CF Aurora Multifamily DST	Cantor Fitzgerald
recdDMirW9wDo2hQW	Credit - Hotel	Comfort Suites - Wilson, NC & Comfort Inn - Capitol Heights, MD	Peachtree Group
recdPJe6IRHhx8CYw	Credit - Hotel	Candlewood Suites - North Syracuse, NY	Peachtree Group
recdQhKiI2zj3NeAP	Credit - Hotel	Hampton Inn - Plymouth Meeting, PA	Peachtree Group
recdUrKMav330Orbq	Retail	Pharmacy Portfolio IV DST	Inland Private Capital
recdVAPcSTriXwsJM	Credit - Hotel	Homewood Suites - Troy, MI	Peachtree Group
recdY4vT9FZ1CS4ho	Credit - Hotel	Fairfield Inn & Suites - Birmingham, AL	Peachtree Group
recdZULzP5pEKxY5N	Credit - Hotel	Hilton Garden Inn - Atlanta, GA	Peachtree Group
recdZvHhcTDWqPOcM	Hotel	Home2 Suites - Lawrenceville, GA	Peachtree Group
recdcmilDrpvKGgYD	Office	Geneva 1031, L.L.C.	Inland Private Capital
recdeMBIesfQDQ1oV	Net-leased pharmacy	Walgreens - Chicago, IL	Syndicated Equities
recdgxELfYb6PYdp1	Hotel	Hampton Inn - Pell City, AL	Peachtree Group
recdsr58RIxWMorfh	Credit - Hotel	Courtyard (Note 2) - Newark, OH	Peachtree Group
recdtl2VZoJYDkjtv	Hotel	Wingate - Kennesaw, GA	Peachtree Group
recdtwyamiifq8CJe	Credit - Hotel	Courtyard / TownePlace Suites - Galveston, TX	Peachtree Group
recdtzaBcdsqGg0IO	Hotel	Holiday Inn - Franklin, TN	Peachtree Group
recdxDdSGy9SUFXSC	Self storage	Storesmart Riverdale	Reliant
recdyD5RfJNnkHbAb	Multifamily / residential	Autumn Breeze - Noblesville, IN	Passco Companies
rece0TOikF7Vkwe8D	Credit - Hotel	Hampton Inn & Suites - Oakdale, MN	Peachtree Group
rece1f3jdzGPu4txi	Multifamily / residential	Hillsboro	Bluerock
rece2lssE2zxt6g3e	Retail	Family Discount Portfolio II DST	Inland Private Capital
rece2p832ZjGKWu8X	Net-leased restaurant	Mimi's Café	AEI
receTtrudlqSPJra9	Multifamily	Carmel Multifamily DST	Inland Private Capital
receYnaGfpr2JgWd4	Multifamily / residential	Shelby - Alexandria, VA	Passco Companies
recedwNeyJT9rd5pW	Multifamily / residential	The Woods at Forrest Hill	Bluerock
recefFrjKrkrPnjqn	Retail	Burbank 1031, L.L.C.	Inland Private Capital
receicAvl1HqjYtDY	Multifamily / residential	Providence Trail	Bluerock
recesIDUzSLJkBhaY	Retail	Craig Crossing 1031, L.L.C.	Inland Private Capital
receuOeBjTISTRab2	Credit - Hotel	Sonesta ES Suites - Dublin, OH	Peachtree Group
recevVh0dmDAARSUG	Single Tenant Fitness	West Orange Fitness, DST	ARCTRUST
recewZRYzfSLA1gC3	Credit - Hotel	Tru - Florida City, FL	Peachtree Group
recey6raxL4wvQMq2	Credit - Hotel	Courtyard - Buffalo, NY	Peachtree Group
recf1DxlBJM6revzS	Net-leased early education / childcare	KinderCare / Children's World	AEI
recf240RpJvqW7E7I	Credit - Multifamily	Rockport Harvey Housing Phase I - Rockport, TX	Peachtree Group
recfEO7eQ5FgZ42Lc	Multifamily / residential	Water’s Edge	Bluerock
recfG7cvDTI9g8oCV	Credit - Hotel	Hilton Garden Inn - Buford, GA	Peachtree Group
recfGI2FA5wV7pzEo	Hotel	Hampton Inn - Corydon, IN	Peachtree Group
recfGQEXe39XLHUbi	Retail	Custom Pharmacy Sale Leaseback, L.L.C.	Inland Private Capital
recfKEa8svoisE7si	Government / GSA-leased	Social Security Administration - Worthington, OH	Syndicated Equities
recfQGVzaXzsbHfn5	Office	Houston 1031 Limited Partnership	Inland Private Capital
recfV4tDiQgppugU0	Credit - Multifamily	Ridgehouse Multifamily - Olivette, MO	Peachtree Group
recfeMOZUEcP5AhR4	Credit - Hotel	Holiday Inn Express - Commerce, GA	Peachtree Group
recflcL6oURLdXdPR	Hotel	Hilton Garden Inn - Overland Park, KS	Peachtree Group
recfxTRDFT8TWvTyu	Credit - Hotel	Wingate (A Note) - Lancaster, PA	Peachtree Group
recfzEntWlEEPpBzh	Multifamily / residential	Park on the Square	Bluerock
recg03dHY5UaXSJlc	Retail	Cranberry Square - Pittsburgh, PA	Syndicated Equities
recg2hLf5lwhvn4zg	Multifamily / residential	Helios	Bluerock
recgHZsCRIAuEGy0S		11 Stanwix - Pittsburgh, PA	Syndicated Equities
recgKK2wTQ7nsZCqK	Self storage	Midgard Little River	Reliant
recgV6HvEGIir36WB	Retail	Webster Place Shopping Center - Chicago, IL	Syndicated Equities
recgYcM6ShbrDdZkh	Credit - Hotel	Hampton Inn - Birmingham, AL	Peachtree Group
recgZTgb0g52AjAOq	Net-leased restaurant	Carino's	AEI
recgiIOXoGWD3nosS	Credit - Hotel	Springhill Suites - Roswell, GA	Peachtree Group
recgkGa3fPAx78T0n	Credit - Hotel	Suburban Extended Stay - Westminster, CO	Peachtree Group
recgprMbwxXoiTjg7	Hotel	Homewood Suites - Covington, LA	Peachtree Group
recgqIsFexiKLQwu8	Credit - Hotel	TownePlace Suites - Cupertino, CA	Peachtree Group
recgtpNX67dUrxGQ9	Multifamily / residential	Element	Bluerock
recgv8sWmsxPzNkYU	Credit - Hotel	Courtyard - Newburgh, NY	Peachtree Group
recgvlj9Rij7g3jh5	Credit - Hotel	Doubletree - Atlanta, GA	Peachtree Group
recgz61VpQnE2xjUk	Credit - Other	Resort Property - Asheville, NC	Peachtree Group
rech02Vbl5NHUY8Rs	Credit - Hotel	Origin - Raleigh, NC	Peachtree Group
rech8MqTYCS6bI4Gp	UNIDENTIFIED - not disclosed in Table 2	LSC-AM MC2, DST	Livingston Street Capital
rechCKm4GG6Dhpu7a		Flatiron Athletic Club - Broomfield, CO	Syndicated Equities
rechI14FZiAsXZUSB	Retail	National Net Lease Portfolio	Inland Private Capital
rechIXNDNVP9blPwg	Multifamily / residential	Sierra Village	Bluerock
rechMm9UgtXHekNH3	Credit - Hotel	Hilton Garden Inn - Phoenix, AZ	Peachtree Group
rechQfz6GaQXLq6rE	Net-leased early education / childcare	KinderCare / Children's World	AEI
rechRTNavKP9U0Nqx	Credit - Hotel	Comfort Suites - Huntersville, NC	Peachtree Group
rechSPPbqHUuQnKCX	Multifamily / residential	Point at Tamaya - Jacksonville, FL	Passco Companies
rechXNhxd8GOR7zkx	Multifamily	CF Summerfield Multifamily DST	Cantor Fitzgerald
rechcKCm48NWmDLaV	Credit - Hotel	Comfort Inn & Suites - Birmingham, AL	Peachtree Group
rechedJeCBDHFO6ou	Credit - Hotel	Hotel Indigo - Tuscaloosa, AL	Peachtree Group
rechfJofiyIqgxxbL	Credit - Hotel	Holiday Inn - Greensboro, NC	Peachtree Group
rechgRfvk7wkI6x7S	Necessity Retail	CF WAG Portfolio DST	Cantor Fitzgerald
rechit4xb9n0xu1lV	Self storage	Self-Storage Portfolio I DST	Inland Private Capital
rechkrufxHWCHyoMN	Retail	FSC BJ Tilton NH, DST	Four Springs TEN31 Xchange
rechs2yovwg7C4UQ1	Multifamily / residential	Meadows at Home Place - Prattville, AL	Passco Companies
rechsAWPIqDkFiYFE	Multifamily	Naples Multifamily DST	Inland Private Capital
reci2TOhhGVo09BvV	Multifamily / residential	Marisol - Viera, FL	Passco Companies
reci6zlmdg8mY8hRy	Credit - Hotel	Hampton Inn - Waldorf, MD	Peachtree Group
reciIunJZE1S12PSN	Retail	Cranberry Retail Venture DST	Inland Private Capital
reciToRjJJArzxr07	Credit - Hotel	Homewood Suites - Eatontown, NJ	Peachtree Group
reciWJ9mlzk1KRQqV	Self storage	Midgard Murfreesboro Cason	Reliant
reciYJMfELCsNnk8h	Self storage	Storesmart Summerville	Reliant
recij3IltOYBct31m	Credit - Hotel	Best Western - Enterprise, AL	Peachtree Group
recipHZyiC5C4gnA3	Retail	Retail Shopping Centers - Indiana & Kentucky	Syndicated Equities
recj2Risjwnm8QTKA	Single Tenant Retail	Fredericksburg Lansdowne, DST	ARCTRUST
recj30TXShKdPoAc4	Credit - Hotel	Doubletree Suites - Rancho Cordova, CA	Peachtree Group
recj6IgiLllWXNFAP	Industrial	New York Power DST	Inland Private Capital
recjQYfshfnKzHjIL	Multifamily / residential	Sorrel Phillips Creek	Bluerock
recjRSLDSYczNN2m0	Multifamily / residential	Plaza Gardens	Bluerock
recjalGHRB6hXwmHT	Multifamily / residential	The Summit - Kent, WA	Passco Companies
recjecdghQWZ0VpGp	Credit - Hotel	Curio - Cincinnati, OH	Peachtree Group
recji3FdcaHGFYL9e	Credit - Other	Avondale Station - Avondale, AZ	Peachtree Group
recjo1BupaOhXBYVJ	Credit - Hotel	Sonesta ES Suites - Birmingham, AL	Peachtree Group
recjr51kg1EkrruqT	Retail	Murfreesboro 1031, L.L.C.	Inland Private Capital
recjswTC2xUwCYlB5	Credit - Hotel	Comfort Suites - Columbus, GA	Peachtree Group
recjx17mSydoPXRjP	Credit - Hotel	Hampton Inn - Martinsburg, WV	Peachtree Group
recjzGVi4fjdOAHnq	Credit - Other	Sleep Inn Parking Lot- Baltimore, MD	Peachtree Group
reck4gmGsl730dJxP		309 Green Street - Champaign, IL	Syndicated Equities
reck4s5uhKEjvHh4g	Hotel	DoubleTree & Embassy Suites - Rosemont, IL	Syndicated Equities
reck70rnkdtUJpiUd	Credit - Hotel	Staybridge Suites - Cathedral City, CA	Peachtree Group
reck7hSH9jNgRgsvy	Multifamily	Ft. Collins Multifamily Portfolio DST	Inland Private Capital
reckG0V3JHsHHGxkW	Multifamily / residential	Wells Place Apartment Development - Chicago, IL	Syndicated Equities
reckIrarBC7J4EMsS	Multifamily	CF Star Multifamily Portfolio DST	Cantor Fitzgerald
reckKj1ngn0CyyQbX	Retail	W Pharmacy I DST	Inland Private Capital
reckNNfPgUcncepuT	Credit - Hotel	Comfort Inn & Suites - Tacoma, WA	Peachtree Group
reckQzR2ptjiF3MNK	Credit - Hotel	Four Points - Huntersville, NC	Peachtree Group
reckUMTNiZ25YPtdF	Multifamily / residential	Marquis Portfolio (4 properties, reported on a portfolio basis)	Bluerock
reckW93FxaOiN4Aoq	Multifamily	CF Rivertop Multifamily DST	Cantor Fitzgerald
reckb5NGJw0VivS8N	Multifamily / residential	Veranda at Centerfield	Bluerock
reckcHbwSNOWyJlGK	Multifamily / residential	Arium Metrowest	Bluerock
reckctt5PK3NQc68H	Credit - Hotel	Holiday Inn (Note 3) - Lancaster, PA	Peachtree Group
reckdgJLYlxlstv81	Credit - Hotel	Sonesta ES Suites - Memphis, TN	Peachtree Group
reckfOev2FSAWAMKT	Undeveloped / pre-development land	Alberta, Canada - BULK SALES (84 projects)	Walton Global
reckiHBTWdToUl0r5	Multifamily / residential	Stonebrook	Bluerock
reckns1tqIwj5OKPW	Credit - Hotel	Holiday Inn Express - Monahans, TX	Peachtree Group
reckr2n9ICeE0JdwH	Credit - Hotel	Hampton Inn - Alexander City, AL	Peachtree Group
reckxpwvuc6I7NbyW	Retail	FSC AS Jonesboro AR, DST	Four Springs TEN31 Xchange
reckxvDSSnFrVSdfa	Credit - Hotel	Homewood Suites - San Antonio, TX	Peachtree Group
recl1eYkKDb87ROkB	Credit - Hotel	Hilton Garden Inn - Fort Washington, PA	Peachtree Group
reclDhKlIavf3jS8g	Multifamily / residential	Preston View	Bluerock
reclIx7H3YOhxcrSx	Credit - Hotel	Homewood Suites - Poughkeepsie, NY	Peachtree Group
reclIyVsImBCJQwPh	Multifamily / residential	CADE Boca Raton	Bluerock
reclLAVo8vC8KXjJZ	Net-leased retail & healthcare	Net-Leased Portfolio 12	ExchangeRight
reclN39doMAtdE2y3	Net-leased restaurant	Chateau Elite	AEI
reclTLIXjXfcSO03X	Credit - Hotel	Home2 - Hilton Head, SC	Peachtree Group
reclWEnHXprQUCKTG	Multifamily / residential	Desert Parks Vista - Scottsdale, AZ	Passco Companies
reclXiwbTf7iy1ueQ	Self storage	Amarillo Self-Storage Portfolio DST	Inland Private Capital
recle85KBXLV60BVF	Hotel	SpringHill Suites - Birmingham, AL	Peachtree Group
reclelJwnVNen8u8u	Multifamily / residential	Enclave at Rivergate - Charlotte, NC	Passco Companies
reclk8a1lEK5426ja	Credit - Hotel	Hampton - Buellton, CA	Peachtree Group
recloYntdcrNcaTBZ	Student housing	Charlotte Student Housing DST	Inland Private Capital
reclr5UhLAeWFd38W	Multifamily / residential	Meadowmont	Bluerock
reclsm1dXUPFrO0dT	Net-leased retail & healthcare	Net-Leased Portfolio 22	ExchangeRight
reclyNRoPnLPP5yVA	Net-leased early education / childcare	KinderCare / Children's World	AEI
recm1QVVCr5YCbGEj	Credit - Hotel	TRYP - Savannah, GA	Peachtree Group
recm2g79rWLdKMsFH	Net-leased pharmacy	Walgreens - Alexandria, MN	Syndicated Equities
recm3ymNSIFRoBWWq	Hotel	Homewood Suites - Daytona, FL	Peachtree Group
recm7WAyTu6r9GAqN	Credit - Hotel	President Hotel (C Note) - Kansas City, MO	Peachtree Group
recm7vk4pzMrPJL7O	Net-leased restaurant	Rio Bravo	AEI
recm9sQSLdFjV6HQw	Office	Norwalk Office Building - Norwalk, CA	Syndicated Equities
recmEMcQ5s7eSOa9g	Credit - Hotel	SpringHill Suites - Milpitas, CA	Peachtree Group
recmJ7EH8pSF1plWO	Multifamily / residential	Falls at Forsyth	Bluerock
recmLbcEwm0HWQebj	Multifamily / residential	Chattahoochee Ridge	Bluerock
recmMeCWfkvFydgt0	Multifamily / residential	Encore at the Park - Durham, NC	Passco Companies
recmOBdA7FSPYZdtV	Net-leased restaurant	Carino's	AEI
recmYgCbOCuIij4CJ	Credit - Hotel	City Lofts - Beaufort, SC	Peachtree Group
recmZfvUHvkxyL2DT	Credit - Hotel	Hampton Inn - Pasadena, TX	Peachtree Group
recmbXO2z8g1Y4go4	Multifamily / residential	The Reserve at Palmer Ranch	Bluerock
recmcibeaOijIl34m	Multifamily	San Antonio Multifamily II DST	Inland Private Capital
recmj1IaUWwrjOGvi	Credit - Hotel	Margaritaville - South Padre, TX	Peachtree Group
recmj3sv7jLQvYU2y	Credit - Hotel	Home2 Suites - Charlotte, NC	Peachtree Group
recmk4G7AzUTWRBRK	Student housing	Student Housing Development - Carbondale, IL	Syndicated Equities
recmmlsXHl07Myk2U	Net-leased restaurant	Champps	AEI
recmqZQunDkfUS5Zh	Multifamily	Chicagoland Multifamily DST	Inland Private Capital
recmqz6sbMSsOMokD	Credit - Hotel	Fairfield Inn - Orange Beach, AL	Peachtree Group
recmrow65vRFh1H8W	Net-leased restaurant	Marie Callender's	AEI
recmxsHaPbNrNp3iK	Hotel	Hampton Inn - Okeechobee, FL	Peachtree Group
recn02XHgTdBa8Sas	Net-leased pharmacy	Walgreens - Hickory Hills, IL	Syndicated Equities
recn7Xp9Thiy3zgTH	Credit - Land	Land (98 Lots) - Meadow Springs, GA	Peachtree Group
recnA5IK264gDejQh	Retail	Chicagoland Street Retail DST	Inland Private Capital
recnAVHAhvP3KeKj6	Multifamily / residential	Mira Vista	Bluerock
recnB5VeqMvk2sfRW	Credit - Hotel	Paul Hotel - New York, NY	Peachtree Group
recnI7Z1p7TRr6Nxg	Multifamily / residential	Denim	Bluerock
recnIrokpR8csy8ar	Multifamily / residential	Estates at Perimeter	Bluerock
recnYsHZeUkA7t1if	Self storage	Storesmart Warner Robins Two	Reliant
recnhhPkTMhJQEEUu	Multifamily / residential	Cottages at Myrtle Beach	Bluerock
recnjnphywENIefpd	Credit - Hotel	Courtyard (Note 1) - Niagara, NY	Peachtree Group
recnkfLBAyxsEgEa4	Retail	Reynoldsburg 1031, L.L.C.	Inland Private Capital
recnlszCkwOYOwQP4	Undeveloped / pre-development land	Passco Palm Desert, LLC - Palm Desert, California	Passco Companies
recnwIijxfBiowsZi	Multifamily	Pearland Multifamily DST	Inland Private Capital
recnxCBobnNk0nCo9	Multifamily / residential	Hunter’s Pointe	Bluerock
recnxLNNx4BHoMdbk	Credit - Hotel	Springhill Suites - Montgomery, AL	Peachtree Group
reco41UPPlc6iZAxK	Credit - Hotel	Briad Working Capital Loan	Peachtree Group
reco7tCHY7JRxFfX9	Multifamily / residential	The Brodie	Bluerock
reco9RDYM1Vllgk8O	Medical office	Scarborough Medical DST	Inland Private Capital
recoBawpko3wKFvz7	Credit - Hotel	Holiday Inn Express - Opelika, AL	Peachtree Group
recoC3Jh6THf1F17j	Credit - Hotel	Fairfield Inn & Suites by Marriott - Omaha, NE	Peachtree Group
recoCczGfk1kP5BGM	Self storage	Storesmart Loganville	Reliant
recoEXO60NIpFpSK0	Credit - Hotel	Hotel on Philips (Note 2) - Sioux Falls, SD	Peachtree Group
recoErBCQ7zF9xtvo		1501 Jackson - Omaha, NE	Syndicated Equities
recoJA0glCLg6AyVv	Self storage	Midgard Chisholm Rd	Reliant
recoRV6QmtFHUO29q	Multifamily / residential	Springhouse	Bluerock
recocqNY7Y3y3IsBR	Multifamily	Louisville Multifamily DST	Inland Private Capital
recog55hStDXOE1Vp	Credit - Hotel	Element - Palmdale, CA	Peachtree Group
recoikC0BoLcwK4H8	Debt / notes program	Passco Companies Income Fund II, LLC	Passco Companies
recoj1OKAhaoP7Wov	Credit - Hotel	Wyndham Garden - Dania Beach, FL	Peachtree Group
recokvjNtjXHCE46r	Multifamily	Denver Multifamily Portfolio DST	Inland Private Capital
recoxERYH8yYNrET5	Multifamily / residential	Gulfshore Apartment Homes	Bluerock
recoyl2bi8gHekfnB	Multifamily / residential	Luxe - Scottsdale, AZ	Passco Companies
recp0qkLXPLPye77j	Undeveloped / pre-development land	Alberta, Canada - VTB SALES (vendor take-back)	Walton Global
recpC19QgSpIQOjbB	Retail	Silver City - Las Vegas, NV	Passco Companies
recpC1a2kdzUD1AlK	Multifamily / residential	Note 16	Bluerock
recpD7zjt2YVhjhuu	Credit - Hotel	Hotel Indigo - Chattanooga, TN	Peachtree Group
recpIlbQtNcJoxQiy	Credit - Other	Speedway Villas - Myrtle Beach, SC	Peachtree Group
recpR7pmEUE8I1UKr	Multifamily / residential	Chace Lake Villas	Bluerock
recpS5VUNLjCS0bmk	Net-leased retail	Net-Leased Portfolio 10	ExchangeRight
recpTb9FpSOoFNbcb	Credit - Hotel	Aloft - Miami, FL	Peachtree Group
recpUKnUkVtUEjbCS	Credit - Hotel	Comfort Inn - McHenry, MD	Peachtree Group
recpeMtfFqX9Kqvu3	Credit - Hotel	DoubleTree - Youngstown, OH	Peachtree Group
recphfaRZ0a4DUdGg	Net-leased retail & healthcare	Net-Leased Portfolio 18	ExchangeRight
recpiGK5ICx2Pwc7S	Student housing	Orlando Student Housing DST	Inland Private Capital
recpoDmFShWT2YeBp	Self storage	Midgard Newberry	Reliant
recpqaLG9QNpBI2LQ	Retail	Chicagoland Grocery Venture II DST	Inland Private Capital
recprXDnzr7BeprfT	Credit - Hotel	Best Western Plus (Note B) - Cascade Locks, OR	Peachtree Group
recpwIAT1H9puljsA	Net-leased retail	Net-Leased Portfolio 4	ExchangeRight
recpx6A1qSzTYEQe4	Credit - Hotel	Sonesta Simply Suites - Knoxville, TN	Peachtree Group
recpzEujvLKXQYjUH	Retail	Bi-Coastal Home Improvement DST	Inland Private Capital
recq4tLlijlKgCcrj	Multifamily / residential	Motif	Bluerock
recqDqmhKGxiJLjdk	Student housing	Rio 21 and Texan 28 - University of Texas	Syndicated Equities
recqPjeP25gnE1Mvb	Self storage	Midgard Athens	Reliant
recqQ4YsBaLkvK0c7	Credit - Hotel	Hilton Garden Inn - Omaha, NE	Peachtree Group
recqTG2r1111Ep0IT	Retail	BJS Syracuse 1031, L.L.C.	Inland Private Capital
recqWtDjijAhAtAtW	Multifamily	Dallas Multifamily DST	Inland Private Capital
recqb66ZXYOd9kWIh	Government / GSA-leased	Social Security Administration - Indianapolis, IN	Syndicated Equities
recqcWKrweuSMRQ5Y	Credit - Hotel	Home2 Suites - Salisbury, NC	Peachtree Group
recqgL9hQi3vrcS7g	Credit - Hotel	Cambria Suites - Bloomington, MN	Peachtree Group
recqgYEHQ8oK7LWch	Net-leased pharmacy	Walgreens - Amarillo, TX	Syndicated Equities
recqjR9nuw6CIQG2o	Credit - Hotel	Candlewood Suites - Indianapolis, IN	Peachtree Group
recqkb7bBEMMxfn4S	Multifamily / residential	The Preserve at Henderson Beach	Bluerock
recqq8ZTprv0Ondsc	Credit - Hotel	Staybridge Suites - Baltimore, MD (Exit Fee Loan)	Peachtree Group
recqu5TZQsYSP9FXo	Credit - Hotel	Margaritaville - South Padre, TX	Peachtree Group
recqu6CdalzAws6SE	Credit - Hotel	Home2 Suites - Barstow, CA	Peachtree Group
recr0Nxunu6lybaRT	Retail	New York Grocery DST	Inland Private Capital
recr2Fvm4jmPbBIAO	Retail	CVS	Passco Companies
recr30GERUxgvV876	Office	AT&T Office Building - Pewaukee, WI (LOAN DEFAULT - excluded from IPC disposition table)	Inland Private Capital
recr84jXsID6QKzvb	Retail	Inland Honey Creek, L.L.C.	Inland Private Capital
recr8R2mZYHXU7mfb	Credit - Hotel	Holiday Inn Express - Rapid City, SD	Peachtree Group
recr9soMO35qclUUu	Credit - Hotel	Wingate (B Note) - Lancaster, PA	Peachtree Group
recrK29VvTL1Iv6GO	Credit - Hotel	Hampton Inn & Suites - Seal Beach, CA	Peachtree Group
recrRnDBA6agy6z8K	Credit - Hotel	TownePlace Suites - Lone Tree, CO	Peachtree Group
recraqreRCsTdrWQQ	Office	Inland Chicago Grace L.L.C.	Inland Private Capital
recrqpHDVpCIdcQcb	Multifamily / residential	Grand Dominion	Bluerock
recrx7uU5A4LVzZe3	Credit - Hotel	Sonesta ES Suites - Montgomery, AL	Peachtree Group
recrxl6N5DxF6vKI2	Multifamily / residential	Novel Perimeter	Bluerock
recryMDebjYUoNe18	Supermarket	Tallahassee West Tennessee, DST	ARCTRUST
recryYah0QmCWagrI	Net-leased restaurant	Carino's	AEI
recs6O3zcKiyZ9H7K	Credit - Hotel	Fairfield Inn & Suites - Channelview, TX	Peachtree Group
recs7J7UFiGoj2QmI	Multifamily / residential	Whetstone Apartments	Bluerock
recs8XAKoLih7xeVu	Credit - Hotel	Staybridge Suites - Cathedral City, CA	Peachtree Group
recsGr4fjs9b6LM9I	Multifamily / residential	Mesa Ridge	Bluerock
recsIqVEmVrTCnzPR	Multifamily / residential	The DeSota	Bluerock
recsMapD2dx4Suzzf	Credit - Retail	Bellis Fair - Bellingham, WA	Peachtree Group
recsNFqzGnCoAfbES	Hotel	Element - Miami, FL	Peachtree Group
recsO6YMwd2Z6qY78	Credit - Hotel	Hampton Inn & Suites - Montgomery, AL	Peachtree Group
recsOfVjllXT45kB8	Government / GSA-leased	National Archives & Records - Riverside, CA	Syndicated Equities
recsRaQ9IR50TeuBR	Industrial	FSC Industrial 8, DST	Four Springs TEN31 Xchange
recsRhcCUzPvzX1Nu	Multifamily / residential	Citrus Tower	Bluerock
recsb0EGOUQqmqxvx	Multifamily / residential	Cielo on Gilbert	Bluerock
recslSIIz77sV8CAd	Self storage	East Storesmart of Conway SC	Reliant
recsxafYKo93ulmJf		2215 Sanders Road - Northbrook, IL	Syndicated Equities
recsyTetTvcBDTA0p	Hotel	Hampton Inn - Jekyll Island, GA	Peachtree Group
rect1kLAy8FlolT8L	Multifamily / residential	Lively at Carolina Forest - Myrtle Beach, SC	Passco Companies
rect3PmUUv1WezFEb	Office	Wells Fargo Building - Fort Wayne, IN (FORECLOSED - excluded from IPC disposition table)	Inland Private Capital
rect9PCYZjpSingqG	Credit - Hotel	Epic Hotel - Pico Rivera, CA	Peachtree Group
rectKcTJjO5syszI5		Abbott Labs Bio-Medical Portfolio - Minnetonka, MN	Syndicated Equities
rectOP7Ji3uXlEFap	Credit - Hotel	Residence Inn - Des Moines, IA	Peachtree Group
rectQ69w2G3jIQXpF	Multifamily / residential	Haven - Brevard, FL	Passco Companies
rectQy7Czj8VX0wYC	Retail	Walgreens Center - Sullivan, MO	Syndicated Equities
rectTIXjmbCCEaR6w	Credit - Hotel	Country Inn & Suites (Note B) - California, MD	Peachtree Group
rectUQqXBlIayHUSe	Multifamily / residential	Twenty25 - Kennesaw, GA	Passco Companies
rectdorEuoWNiYdMF	Hotel	Element - Orlando, FL	Peachtree Group
rectfgx0DAg4vee2G	Multifamily	Fort Myers Multifamily DST	Inland Private Capital
rectibcaVqIi6b2rs	Self storage	Storesmart Durham	Reliant
rectwbVPLmptUzx3f	Multifamily / residential	Wilkinson Spring Parc	Bluerock
rectxUCIeoc48i0QQ	Multifamily / residential	Meadows	Bluerock
rectyoWVLqJP4ER2H	Credit - Hotel	Courtyard - Binghamton, NY	Peachtree Group
rectysYH4sfJIK64I	Multifamily / residential	Pearce at Pavilion - Riverview, FL	Passco Companies
recu2oeQVQziTMw5l	Multifamily / residential	Park and Kingston	Bluerock
recu9DrIciI0c6NTs	Self storage	Midgard Cocoa	Reliant
recuDkgoMThCxI5l0	Net-leased early education / childcare	KinderCare / Children's World	AEI
recuHkGslCoUVwruX	Office	Global Logistics Office Building - Dublin, OH (LOAN DEFAULT - excluded from IPC disposition table)	Inland Private Capital
recuNmjZDonXtQAoy	Retail	DC MSA Retail DST	Inland Private Capital
recuQu0YFKmxBWNbX	Credit - Hotel	Best Western Plus (Note A) - Cascade Locks, OR	Peachtree Group
recuSztn74fJVZQCe	Credit - Hotel	Four Points - Punta Gorda, FL	Peachtree Group
recugo3TMaOUj6sGx	Multifamily / residential	Enders Place	Bluerock
recuj3zCRl0AkxI2U	Hotel	Marriott Residence Inn - Alexandria, VA	Syndicated Equities
recujFwBDGAAPoDwE	Multifamily	CF Norterra Canyon Multifamily DST	Cantor Fitzgerald
recujm5zKGCXWjPVG	Multifamily / residential	Timber Hollow Apartments - Fairfield, OH	Syndicated Equities
recukHQcejwCFpAM5	Multifamily / residential	Riverside	Bluerock
recum0raKV4jU6kno	Self storage	Midgard Murfreesboro Glenside	Reliant
recunUajv0Yaxe0eA	Net-leased restaurant	Applebee's	AEI
recusc50H8npRK0kD	Credit - Hotel	Holiday Inn - Chandler, AZ	Peachtree Group
recux6NPWmGSGGDAs	Multifamily / residential	Voyager - Nassau Bay, TX	Passco Companies
recuzy9IefLmUXyNL	Credit - Hotel	Residence Inn - Decatur, GA	Peachtree Group
recv7fz5alxnKUPE3	Multifamily / residential	Longitude 81 - Estero, FL	Passco Companies
recvGqHdHjbfQvQJe	Credit - Hotel	Hampton Inn - Canton, GA	Peachtree Group
recvT2BaQRJdBmCll	Credit - Hotel	Tapestry - Kahului, HI	Peachtree Group
recvThNjH5rxw0GHi	Credit - Hotel	Sonesta ES Suites - Westport, MO	Peachtree Group
recvaSNnFeO6cK8jB	Net-leased retail	Hollywood Video	AEI
recvfoaIB8RDRxIFR	Office	University of Phoenix Building - Merrillville, IN (LOAN DEFAULT - excluded from IPC disposition table)	Inland Private Capital
recvfqJbbmvaLx5u2	Self storage	Midgard Key West	Reliant
recvlHSPMH4NMn9sM	Credit - Mixed Use	CNL - 2nd DOT Los Angeles, CA	Peachtree Group
recvmCJpAM5SnBDZn	Multifamily / residential	Outlook at Greystone	Bluerock
recvpNAFase9CNKPy	Net-leased early education / childcare	KinderCare / Children's World	AEI
recvpPQRvYnsor1QS	Credit - Hotel	La Quinta Inn & Suites - Lakeway, TX	Peachtree Group
recvudlUGdDNjYAO6	Credit - Hotel	Tribute - San Diego, CA	Peachtree Group
recvwQU01STmVYK0V	Self storage	Midgard Bradenton Portfolio (2 prop)	Reliant
recvxwoqfLawqyfON	Credit - Hotel	Hampton Inn - Milwaukee, WI	Peachtree Group
recvyLKiBrlG38niK	Credit - Hotel	Sonesta ES Suites - Dublin, OH	Peachtree Group
recw3w5sVhLJh3P4p	Multifamily / residential	James on South First	Bluerock
recw88LDWHvaFMtde	Hotel	Homewood Suites - Durham, NC	Peachtree Group
recwA1XWPptmKO4pn	Credit - Hotel	Hampton Inn (Note B) - Alamosa, CO	Peachtree Group
recwAboZULg3Dmpqe	Credit - Hotel	La Quinta (Note B) - Winchester, VA	Peachtree Group
recwBa3zmlvLIGo5W	Credit - Hotel	Home2 Suites - Albany, NY	Peachtree Group
recwE2UilDJleCu0Y	Credit - Hotel	Hilton Garden Inn (Hartsfield) - Atlanta, Ga	Peachtree Group
recwGZQPk7uHskez6	Retail	National Retail Portfolio Venture DST	Inland Private Capital
recwKmUqy4OpiQkOP	Credit - Hotel	Zlife Hotel - Las Vegas, NV	Peachtree Group
recwKnzL1uVrlXH3n	Multifamily	Brighton Multifamily DST	Inland Private Capital
recwNCG8CoWlMREK0	Multifamily / residential	The Links at Plum Creek	Bluerock
recwOEr3eWacPOuQa	Retail	Severance Town Center - Cleveland Heights, OH	Syndicated Equities
recwP5bjHGlryH1e4	Multifamily / residential	Beach House	Bluerock
recwQ6ZPYdzYSlW1W	Credit - Hotel	Element - Detroit, MI (Bridge)	Peachtree Group
recwUKpn6lKBS92Ij	Office	RR-HV Venture Holdings DST	Inland Private Capital
recwWmqknFHno5Z0f	Credit - Hotel	Staybridge Suites - Augusta, GA	Peachtree Group
recwa3Vw5o1i3pymx	Student housing	San Marcos Student Living DST	Inland Private Capital
recwaV5lLh7aqfTZ9	Credit - Hotel	Hampton Inn - Tiffin, OH	Peachtree Group
recwicILKenZTcMJq	Retail	Chicagoland Fresh Market Venture DST	Inland Private Capital
recwjdXfT6GYTLgZ3	Multifamily / residential	Walker House Apartments - Gaithersburg, MD	Syndicated Equities
recx0rAr8mHV2jsk0	Net-leased restaurant	Champps	AEI
recx9DlaZzEU9T9ic	Credit - Hotel	Hampton Inn & Suites - Charlotte, NC	Peachtree Group
recxBZKR6xN6JkhT7	Credit - Hotel	Comfort Suites - Fishers, IN/Comfort Inn - Avon, IN	Peachtree Group
recxGdqwq2bzINEiU	Multifamily / residential	MDA City	Bluerock
recxfot2Ap6QnkbMD	Multifamily	Colorado Multifamily Portfolio II DST	Inland Private Capital
recxiFgVnnuoFgpEH	Credit - Hotel	Hampton Inn - Lake Charles, LA	Peachtree Group
recxioFzKcf62SKSs	Credit - Office	Office Condo - Fort Worth, TX	Peachtree Group
recxlPb9qLX2WqTdK	Hotel	Hilton Garden Inn - Cranberry, PA	Peachtree Group
recxmzNWB8G2PYWbq	Hotel	Home2 Suites - St. Augustine, FL	Peachtree Group
recxq6Do5G9vcktNn	Net-leased early education / childcare	Carino's KinderCare	AEI
recxxvK0wV413lPme	Credit - Hotel	Hampton Inn & Suites - Oakdale, MN	Peachtree Group
recyAIy1XZRRXqg75	Multifamily / residential	Wolfchase - Memphis, TN	Passco Companies
recyEdZByjHcQmxNS	Credit - Hotel	Courtyard - Gretna, LA	Peachtree Group
recyHPb81p0nVV3uQ	Credit - Hotel	Four Points - Brunswick, GA	Peachtree Group
recyJSlRPuDj0PpNt	Credit - Hotel	AC/Autograph - Sunnyvale, CA (PACE 2021)	Peachtree Group
recyTbS8eHr8T9Vjp	Office	Plano 1031 Limited Partnership	Inland Private Capital
recyU7z8P6mLMlbqA	Multifamily / residential	Ashton Reserve	Bluerock
recyUY8vCrt89RJl4	Credit - Hotel	AHT1 2018-ASHF - Various, US	Peachtree Group
recyYpThk4dMBDf6o	Net-leased restaurant	Applebee's	AEI
recycMydIDt4ww6o4	Credit - Hotel	Hampton Inn - Leesburg, FL	Peachtree Group
recyhpDYhDQ3oPkXw	Credit - Hotel	Wingate Inn - Winchester, VA	Peachtree Group
recyifgZ23zaCOL9D	Hotel	Hampton Inn - Tempe, AZ	Peachtree Group
recyoPP0AKccEYesd	Multifamily / residential	Resort at Lake Crossing - Lexington, KY	Passco Companies
recyp91nRNcUXtaH3	Credit - Hotel	Holiday Inn & Suites - Homewood, AL	Peachtree Group
recysLl19ZXHxI2pW	Retail	Lansing Shopping Center - Lansing, IL (LOAN DEFAULT - excluded from IPC disposition table)	Inland Private Capital
recz6A3KO79KCQXeK	Government / GSA-leased	Social Security Administration - Fort Smith, AR	Syndicated Equities
reczB7BYcpQWRaX2Z	Net-leased restaurant	Taco Cabana	AEI
reczJ4ORUwnPTdy4Y	Credit - Hotel	Hotel on Philips (Note 1) - Sioux Falls, SD	Peachtree Group
reczOW4t2elBR8ebt	Undeveloped / pre-development land	Passco Development Fund I, LLC	Passco Companies
reczat4XBjp1VU9U4	Retail	Olathe Station - Olathe, KS	Passco Companies
reczatMDAhp0ZF9DV	Multifamily / residential	Quinn35	Bluerock
reczf6FD2UCKL6mv6	Multifamily	CF Pearland Multifamily DST	Cantor Fitzgerald
reczy0duQXSTOe5VZ	Multifamily	CF Sawyer Multifamily DST	Cantor Fitzgerald
