Investment Name	Sponsor	Property Type	Location	Average Annual Return	Equity Multiple	Holding Period
Trails of Sanger	Olympus	Multifamily	TX	1.993	5.195490117	1.503080082
Cielo on Gilbert	Bluerock	Multifamily	AZ	1.4023	4.986738663	1.833333333
Comfort Inn & Suites - Birmingham, AL	Peachtree	Hospitality / credit	AL	1.401	1.58	1.67
Hilton Garden Inn - Pineville, NC	Peachtree	Hospitality / credit	NC	1.151	1.1	0.17
Tryp - Orlando, FL	Peachtree	Hospitality / credit	FL	1.14	1.24	0.25
La Quinta - Orlando, FL	Peachtree	Hospitality / credit	FL	1.14	1.24	0.25
Hampton Inn - Kilgore, TX	Peachtree	Hospitality / credit	TX	1.056	1.14	0.67
Orange City Apartments	Bluerock	Multifamily	FL	0.9876	2.228694217	1.166666667
Lower Broadway	Bluerock	Multifamily	TX	0.985	2.225293313	1.166666667
Residence Inn - Pasadena, TX	Peachtree	Hospitality / credit	TX	0.911	1.17	0.33
Hampton Inn - Pasadena, TX	Peachtree	Hospitality / credit	TX	0.891	1.17	0.33
Staybridge Suites - Cathedral City, CA	Peachtree	Hospitality / credit	CA	0.872	1.69	0.83
Hampton Inn - Birmingham, AL	Peachtree	Hospitality / credit	AL	0.867	1.09	0.17
Springhill Suites - Quakertown, PA	Peachtree	Hospitality / credit	PA	0.862	5	3.33
Sleep Inn - Oxford, AL	Peachtree	Hospitality / credit	AL	0.849	2.92	2.25
Holiday Inn Express - Matthews, NC	Peachtree	Hospitality / credit	NC	0.844	1.1	0.17
Holiday Inn Express - Commerce, GA	Peachtree	Hospitality / credit	GA	0.78	1.2	0.33
Four Points - Durham, NC	Peachtree	Hospitality / credit	NC	0.774	1.55	0.75
Courtyard - Florence, SC	Peachtree	Hospitality / credit	SC	0.771	1.62	0.92
Elan Apartments	Bluerock	Multifamily	TX	0.7675	2.841137645	1.833333333
Stanford 1050 - Los Angeles, CA	Peachtree	Hospitality / credit	CA	0.767	1.04	0.08
Holiday Inn - Duluth, GA	Peachtree	Hospitality / credit	GA	0.71	1.21	0.33
Aloft - Jacksonville, FL	Peachtree	Hospitality / credit	FL	0.707	2.22	1.58
Hilton Garden Inn - East Syracuse, NY	Peachtree	Hospitality / credit	NY	0.699	3.92	2.75
Doeppel Premier Properties - Boise City, ID	Peachtree	Hospitality / credit	ID	0.697	1.67	0.92
Carrington Park Apartments	Bluerock	Multifamily	NC	0.6961	2.634274326	1.833333333
Le Meridien Hotel	Syndicated Equities	Hospitality	IL	0.69	1.69	1
Vintage Station North (Development)	Olympus	Multifamily	TN	0.6622	6.187272321	3.586584531
Best Western - Macomb, IL	Peachtree	Hospitality / credit	IL	0.66	1.19	0.33
Country Inn & Suites - Montgomery, AL	Peachtree	Hospitality / credit	AL	0.657	4.26	3
Holiday Inn Express & Suites - Bradenton, FL	Peachtree	Hospitality / credit	FL	0.648	1.25	0.5
Windsor Falls	Bluerock	Multifamily	NC	0.6459	2.111568467	1.5
Holiday Inn Express - Alpharetta, GA	Peachtree	Hospitality / credit	GA	0.618	1.43	0.75
Redrock Inn - Sioux Falls, SD	Peachtree	Hospitality / credit	SD	0.611	1.27	0.42
Courtyard - Gulf Shores, AL	Peachtree	Hospitality / credit	AL	0.594	3.93	3.33
Retail and Single Family - Brevard, NC	Peachtree	Hospitality / credit	NC	0.574	1.22	0.5
Wingate Inn - Buford, GA	Peachtree	Hospitality / credit	GA	0.574	2.22	3.17
Embassy - Atlanta, GA	Peachtree	Hospitality / credit	GA	0.57	1.5	2.67
Holiday Inn - Big Rapids, MI	Peachtree	Hospitality / credit	MI	0.568	1.2	0.42
My Place Hotel - Fargo, ND	Peachtree	Hospitality / credit	ND	0.556	1.11	0.25
Fairfield Inn & Suites - Lewisville, TX	Peachtree	Hospitality / credit	TX	0.553	1.69	1.25
Encore Chandler Development	Bluerock	Multifamily	AZ	0.5524	2.239614802	1.833333333
Holiday Inn Express - Rapid City, SD	Peachtree	Hospitality / credit	SD	0.551	1.13	0.33
Four Points - Punta Gorda, FL	Peachtree	Hospitality / credit	FL	0.546	1.43	0.92
Hampton Inn - Bowie, MD	Peachtree	Hospitality / credit	MD	0.539	1.98	2.08
Denim	Bluerock	Multifamily	AZ	0.5278	3.964753065	3.25
Wingate - Mooresville, NC	Peachtree	Hospitality / credit	NC	0.525	1.35	0.75
Chevy Chase	Bluerock	Multifamily	TX	0.524	2.580573159	2.25
Fashion Outlet Center	Syndicated Equities	Retail	IL	0.523809524	3.97	5.67
Avenue 25	Bluerock	Multifamily	AZ	0.5193	3.158782542	2.75
Hampton Inn - Enterprise, AL	Peachtree	Hospitality / credit	AL	0.518	1.19	0.5
TownePlace Suites - Gonzales, LA	Peachtree	Hospitality / credit	LA	0.499	1.17	0.42
Element	Bluerock	Multifamily	NV	0.4893	3.772309335	3.333333333
Promenade at Champions Forest	Olympus	Multifamily	TX	0.4891	2.371178623	2.168377823
Fairlane Town Center - Dearborne, MI	Peachtree	Hospitality / credit	MI	0.487	1.64	1.83
Apex at Sky Valley	IDEAL		NV	0.48	1.985902863	1.75
Curio - Birmingham, AL	Peachtree	Hospitality / credit	AL	0.473	1.68	1.5
4562 Wurzbach Road - San Antonio, TX	Peachtree	Hospitality / credit	TX	0.463	1.5	1.25
Hampton Inn - Sarasota, FL	Peachtree	Hospitality / credit	FL	0.462	1.91	1.92
Home2 - Hilton Head, SC	Peachtree	Hospitality / credit	SC	0.454	1.16	0.42
Note 16	Bluerock	Multifamily	TN	0.445	1.584290467	1.25
The Sanctuary	Bluerock	Multifamily	NV	0.4441	3.301346591	3.25
23Hundred Berry Hill	Bluerock	Multifamily	TN	0.437	2.260881126	2.25
Broadstone Solaire	Olympus	Multifamily	NM	0.4364	4.804346998	4.334017796
Super Foodtown - Hempstead, NY	Peachtree	Hospitality / credit	NY	0.427	1.06	0.08
Providence Trail	Bluerock	Multifamily	TN	0.4187	3.208498908	3.333333333
Pine Lakes Preserve	Bluerock	Multifamily	FL	0.4171	7.641340843	5.833333333
Days Inn - State College, PA	Peachtree	Hospitality / credit	PA	0.416	1.21	0.58
Epic Hotel - Pico Rivera, CA	Peachtree	Hospitality / credit	CA	0.413	1.19	0.58
Holiday Inn Express - Birmingham, AL	Peachtree	Hospitality / credit	AL	0.411	3.4	3.5
SpringHill Suites - Tampa, FL	Peachtree	Hospitality / credit	FL	0.406	1.82	3.75
Hampton Inn - Panama City Beach, FL	Peachtree	Hospitality / credit	FL	0.4	2.84	3.25
Springhill Suites - East Syracuse, NY	Peachtree	Hospitality / credit	NY	0.399	1.87	1.92
Hilton Garden Inn - Casper, WY	Peachtree	Hospitality / credit	WY	0.398	1.92	3.08
Best Western Portfolio - Various, VA	Peachtree	Hospitality / credit	VA	0.392	1.47	1.25
Quail Landing	Olympus	Multifamily	OK	0.3919	1.737153503	1.67008898
Hampton Inn & Suites - Orlando, FL	Peachtree	Hospitality / credit	FL	0.386	1.98	2.17
Courtyard - Lafayette, IN	Peachtree	Hospitality / credit	IN	0.38	2.01	2.5
Hotel Indigo - College Park, GA	Peachtree	Hospitality / credit	GA	0.38	1.9	2.08
Comfort Suites - Huntersville, NC	Peachtree	Hospitality / credit	NC	0.378	1.76	1.92
Comfort Suites - Wilson, NC	Peachtree	Hospitality / credit	NC	0.37	1.32	1
Holiday Inn & Suites - Homewood, AL	Peachtree	Hospitality / credit	AL	0.364	1.95	3.08
Union North	IDEAL		CA	0.363	2.595656602	3.08
AC - Austin, TX	Peachtree	Hospitality / credit	TX	0.363	2.24	2.67
Courtyard - Jacksonville, FL	Peachtree	Hospitality / credit	FL	0.361	2.1	2.67
AC - Atlanta, GA	Peachtree	Hospitality / credit	GA	0.36	1.64	1.92
Townhome Development - Asheville, NC	Peachtree	Hospitality / credit	NC	0.354	1.81	2
Artisan on 18th	Bluerock	Multifamily	TN	0.352	2.021213919	2.333333333
AC - Tampa, FL	Peachtree	Hospitality / credit	FL	0.352	1.87	2.75
Upham Hotel - Santa Barbara, CA	Peachtree	Hospitality / credit	CA	0.352	1.24	0.75
Hyatt Place - Fort Myers, FL	Peachtree	Hospitality / credit	FL	0.351	1.34	1
Grove at Waterford	Bluerock	Multifamily	TN	0.35	2.171178694	2.583333333
Villas at LeBlanc Park	Olympus	Multifamily	TX	0.3499	5.333951006	5.579739904
Homewood Suites - East Syracuse, NY	Peachtree	Hospitality / credit	NY	0.349	2.2	2.75
Cambria - Uniontown, OH	Peachtree	Hospitality / credit	OH	0.349	2.41	3.25
The Preserve at Henderson Beach	Bluerock	Multifamily	FL	0.3476	7.127599114	6.583333333
Best Western - Enterprise, AL	Peachtree	Hospitality / credit	AL	0.344	2.17	3.08
Mill Valley	Olympus	Multifamily	TX	0.3412	2.241065423	2.74880219
Passco Diversified Development Fund III	Passco	Land / Development		0.34
Holiday Inn Express - Tacoma, WA	Peachtree	Hospitality / credit	WA	0.339	1.08	0.25
Best Western - Simi Valley, CA	Peachtree	Hospitality / credit	CA	0.338	1.41	1.25
Crossroads	Olympus	Multifamily	AZ	0.3373	7.110391323	6.74880219
Homewood Suites - Durham, NC	Peachtree	Hospitality / credit	NC	0.337	1.87	2.25
Bull Moose Lodge - Alpine, WY	Peachtree	Hospitality / credit	WY	0.331	2.37	5.58
Chattahoochee Ridge	Bluerock	Multifamily	GA	0.3306	2.300410091	2.916666667
Hampton Inn & Suites - Lake Mary, FL	Peachtree	Hospitality / credit	FL	0.329	2.06	2.42
Candlewood Suites - North Syracuse, NY	Peachtree	Hospitality / credit	NY	0.327	1.6	2.08
Mandalay at Shadowlake	Olympus	Multifamily	TX	0.3257	6.097119153	6.412046543
Sunterra	IDEAL		CA	0.324	2.017065321	2.5
Arium Hunters Creek	Bluerock	Multifamily	FL	0.3236	4.062410373	5
Rancho Mirage	Olympus	Multifamily	TX	0.3224	8.531588942	7.671457906
Hampton Inn & Suites - Charlotte Airport, NC	Peachtree	Hospitality / credit	NC	0.322	1.21	0.75
Home2 Suites - Prattville, AL	Peachtree	Hospitality / credit	AL	0.322	3.51	4.75
Homewood Suites - Columbus, GA	Peachtree	Hospitality / credit	GA	0.32	1.47	1.67
Residence Inn - Des Moines, IA	Peachtree	Hospitality / credit	IA	0.319	1.16	0.5
Crowne Plaza - Wauwatosa, WI	Peachtree	Hospitality / credit	WI	0.317	1.3	1
Country Inn & Suites - McDonough, GA	Peachtree	Hospitality / credit	GA	0.317	2.22	4.17
Citrus Tower	Bluerock	Multifamily	FL	0.3131	3.993439936	5.083333333
Hampton Inn & Suites - Tacoma, WA	Peachtree	Hospitality / credit	WA	0.308	1.23	0.83
Hampton Inn & Suites - East Point, GA	Peachtree	Hospitality / credit	GA	0.308	1.89	2.42
Olympus on Broadway (Development)	Olympus	Multifamily	TX	0.3059	1.991844629	2.581793292
The Ashford	Bluerock	Multifamily	GA	0.304	1.66321624	1.916666667
AC - Phoenix, AZ	Peachtree	Hospitality / credit	AZ	0.304	1.78	2.33
Hampton Inn - Waldorf, MD	Peachtree	Hospitality / credit	MD	0.301	1.65	1.92
Fairfield Inn & Suites - East Syracuse, NY	Peachtree	Hospitality / credit	NY	0.3	1.82	2.17
4343 at the Parkway	Olympus	Multifamily	TX	0.2998	3.403231437	4.670773443
Copperfield	Olympus	Multifamily	TX	0.2971	3.370337818	4.670773443
Falls at Forsyth	Bluerock	Multifamily	GA	0.2968	2.043622874	2.75
The Mills	Bluerock	Multifamily	SC	0.2967	3.587519428	4.916666667
Hilton Garden Inn - Atlanta, GA	Peachtree	Hospitality / credit	GA	0.296	1.5	2.42
Wingate Inn - Fairburn, GA	Peachtree	Hospitality / credit	GA	0.296	2.2	3.83
Foley House Inn - Savannah, GA	Peachtree	Hospitality / credit	GA	0.296	1.7	2.58
Elevation Plaza del Rio	Olympus	Multifamily	AZ	0.2952	1.380195096	1.245722108
Ashford Belmar	Bluerock	Multifamily	CO	0.2944	2.747482754	3.916666667
Staybridge Suites - Hillsboro, OR	Peachtree	Hospitality / credit	OR	0.294	1.08	0.25
Hampton Inn - Martinsburg, WV	Peachtree	Hospitality / credit	WV	0.292	1.08	0.25
Hilton Garden Inn - Overland Park, KS	Peachtree	Hospitality / credit	KS	0.292	1.85	2.5
Fairfield Inn & Suites - Temecula, CA	Peachtree	Hospitality / credit	CA	0.29	1.36	1.17
NREA Estates DST	NexPoint	Multifamily		0.288	2
Hilton Garden Inn - Clarksville, TN	Peachtree	Hospitality / credit	TN	0.286	1.85	3
Cambria - Austin, TX	Peachtree	Hospitality / credit	TX	0.285	1.73	2.83
Fairfield Inn & Suites - Channelview, TX	Peachtree	Hospitality / credit	TX	0.283	1.16	1.17
Cumberland Mall - Vineland, NJ	Peachtree	Hospitality / credit	NJ	0.283	1.12	0.5
Tech Ridge	Bluerock	Multifamily	TX	0.282	1.860887261	2.5
Cambria Suites - Phoenix, AZ	Peachtree	Hospitality / credit	AZ	0.282	2.18	3.92
Sheraton - Jacksonville, FL	Peachtree	Hospitality / credit	FL	0.282	2.2	3.42
Arium Metrowest	Bluerock	Multifamily	FL	0.2818	3.460201071	5
555 Ross	Griffin	Land / Development	TX	0.281	1.31	1.17
Pack - Various, NY	Peachtree	Hospitality / credit	NY	0.281	1.68	2.58
Sea Mist Resort - Myrtle Beach, SC	Peachtree	Hospitality / credit	SC	0.281	1.93	3.08
Sleep Inn - Lake Charles, LA	Peachtree	Hospitality / credit	LA	0.28	2.4	4.5
Wesley Village	Bluerock	Multifamily	NC	0.2773	3.921649355	5.583333333
Comfort Inn - Yankton, SD	Peachtree	Hospitality / credit	SD	0.276	1.13	0.42
Gulfshore Apartment Homes	Bluerock	Multifamily	FL	0.2751	5.157315007	6.75
The Woodlands	Olympus	Multifamily	TX	0.2741	2.745819707	4.169746749
Oak View Apartments	IDEAL	Multifamily	CA	0.274	2.196851196	3.25
Hyatt Regency - Newport Beach, CA	Peachtree	Hospitality / credit	CA	0.274	1.04	0.25
Super 8 - Mound City, MO	Peachtree	Hospitality / credit	MO	0.274	1.09	0.5
SpringHill Suites - Navarre Beach, FL	Peachtree	Hospitality / credit	FL	0.271	1.71	2.58
My Place Hotel - Jamestown, ND	Peachtree	Hospitality / credit	ND	0.271	1.14	0.5
Fairfield Inn - Valdosta, GA	Peachtree	Hospitality / credit	GA	0.27	2.11	3.75
Crowne Plaza - North Charleston, SC	Peachtree	Hospitality / credit	SC	0.269	1.92	2.92
The Overlook	Olympus	Multifamily	TN	0.268	4.077433906	5.919233402
Abbott Labs Bio-Medical Portfolio	Syndicated Equities	Healthcare / MOB	MN	0.266798419	2.35	5.06
EOS	Bluerock	Multifamily	FL	0.266	1.803367606	2.5
Home2 Suites - Barstow, CA	Peachtree	Hospitality / credit	CA	0.263	1.43	2.75
City Lofts - Beaufort, SC	Peachtree	Hospitality / credit	SC	0.263	1.47	2.33
840 1st Street	Syndicated Equities	Office	DC	0.262820513	1.41	1.56
Springhill Suites - Panama City Beach, FL	Peachtree	Hospitality / credit	FL	0.261	2.57	4.25
Home2 Suites - Fort Worth, TX	Peachtree	Hospitality / credit	TX	0.26	1.32	1.25
Best Western - Santa Clara, CA	Peachtree	Hospitality / credit	CA	0.26	1.1	0.5
Wyndham Garden - Dania Beach, FL	Peachtree	Hospitality / credit	FL	0.259	1.33	1.33
ASHF - Various, US	Peachtree	Hospitality / credit	US	0.258	1.03	0.17
Legends at Ridgeview Ranch	Olympus	Multifamily	TX	0.256	2.488619831	4
Days Inn - Gettysburg, PA	Peachtree	Hospitality / credit	PA	0.256	1.32	1.25
Sandshell at Fossil Creek	Olympus	Multifamily	TX	0.2553	3.058858414	4.917180014
Crocker & Towne Wholesale Mart - Los Angeles, CA	Peachtree	Hospitality / credit	CA	0.255	1.21	0.75
933 Canal St - Philadelphia, PA	Peachtree	Hospitality / credit	PA	0.253	1.48	2.08
The Links at Plum Creek	Bluerock	Multifamily	CO	0.2523	2.752248937	4.5
The District at Scottsdale	Bluerock	Multifamily	AZ	0.2516	1.426659922	1.583333333
Hillsboro	Bluerock	Multifamily	TN	0.251	1.957816251	3
Fairfield Inn & Suites - Alexandria, VA	Peachtree	Hospitality / credit	VA	0.251	1.82	3.08
Stone Falls of Ada	Syndicated Equities	Multifamily	MI	0.250681199	1.92	3.67
Fairfield Inn & Suites / Four Points - Amarillo, TX	Peachtree	Hospitality / credit	TX	0.25	1.36	3.25
Wingate - Sioux City, IA	Peachtree	Hospitality / credit	IA	0.25	1.47	1.75
Roswell City Walk	Bluerock	Multifamily	GA	0.2491	3.660022165	5.833333333
The Brodie	Bluerock	Multifamily	TX	0.249	3.658313254	5.833333333
Ovation at Tempe Apartments	Passco	Multifamily	AZ	0.248	1.72312115	2.915811088
Hampton Inn - Lake Charles, LA	Peachtree	Hospitality / credit	LA	0.247	1.28	1.25
Villages at Cypress Creek	Bluerock	Multifamily	TX	0.2464	3.063787606	5.083333333
Kenwood Club at the Park	Olympus	Multifamily	TX	0.2463	2.282468242	3.748117728
Best Western - Mesa, AZ	Peachtree	Hospitality / credit	AZ	0.246	1.11	0.5
Meadowmont	Bluerock	Multifamily	NC	0.245	2.153241443	3.5
Oak Valley Apartments	IDEAL	Multifamily	CA	0.245	1.963910094	3.08
Sonesta ES Suites - Dublin, OH	Peachtree	Hospitality / credit	OH	0.245	1.57	2.42
Arium Grandewood	Bluerock	Multifamily	FL	0.244	3.089621642	5.166666667
Holiday Inn Express - Tavares, FL	Peachtree	Hospitality / credit	FL	0.241	1.17	1.25
Tribute - San Diego, CA	Peachtree	Hospitality / credit	CA	0.241	1.2	1
Holiday Inn - Tacoma, WA	Peachtree	Hospitality / credit	WA	0.24	1.47	2.33
Residence Inn - Decatur, GA	Peachtree	Hospitality / credit	GA	0.24	1.51	3.58
Elements at 901	IDEAL		CA	0.234	3.125562341	5.42
Town Center at Cobb - Kennesaw, GA	Peachtree	Hospitality / credit	GA	0.233	1.25	1.33
Sun Microsystems Headquarters DST	NLCA	Office	CA	0.232941176	3.97	12.75
South Beach Apartments	Griffin	Multifamily	NV	0.2328	1.73	3.25
Four Points - Brunswick, GA	Peachtree	Hospitality / credit	GA	0.232	1.46	2.17
Hampton Inn - Tiffin, OH	Peachtree	Hospitality / credit	OH	0.232	1.18	0.83
Hampton Inn - Milledgeville, GA	Peachtree	Hospitality / credit	GA	0.232	1.85	3.25
Veranda at Centerfield	Bluerock	Multifamily	TX	0.2313	2.379666871	4.166666667
Tradewinds at Willowbrook	Olympus	Multifamily	TX	0.2307	3.918468193	6.579055441
TownePlace Suites - Cincinnati, OH	Peachtree	Hospitality / credit	OH	0.23	1.15	0.67
The Stratford	Bluerock	Multifamily	NC	0.229	1.339260831	1.416666667
Courtyard - Binghamton, NY	Peachtree	Hospitality / credit	NY	0.229	2.09	4.92
Element - Carmel, IN	Peachtree	Hospitality / credit	IN	0.229	1.5	2.33
Hilton Garden Inn - Pascagoula, MS	Peachtree	Hospitality / credit	MS	0.228	1.97	4.08
SpringHill Suites - Milpitas, CA	Peachtree	Hospitality / credit	CA	0.228	1.44	2.08
Wingate - Kennesaw, GA	Peachtree	Hospitality / credit	GA	0.228	1.96	3.25
Stonebrook	Bluerock	Multifamily	TN	0.227	4.717782706	7.583333333
Country Suites - Wilmington, NC	Peachtree	Hospitality / credit	NC	0.225	1.2	0.67
Four Corners	Bluerock	Multifamily	FL	0.224	1.994894092	3.416666667
Tapestry - Salem, OR	Peachtree	Hospitality / credit	OR	0.224	1.43	2
Arium Glenridge	Bluerock	Multifamily	GA	0.2235	3.354469459	6
Margaritaville - Fort Myers Beach, FL	Peachtree	Hospitality / credit	FL	0.223	1.63	3.75
Hampton Inn & Suites - Charlotte, NC	Peachtree	Hospitality / credit	NC	0.223	1.12	0.58
Hampton Inn - Canton, GA	Peachtree	Hospitality / credit	GA	0.223	1.28	1.25
Presidio at Northeast Heights	Olympus	Multifamily	NM	0.2228	1.680868209	2.581793292
The Reserve at Palmer Ranch	Bluerock	Multifamily	FL	0.222	3.012254296	5.5
Outlook at Greystone	Bluerock	Multifamily	AL	0.2197	2.699386795	5
Westchase Forrest	Olympus	Multifamily	TX	0.2187	5.736763882	8.832306639
Sonesta ES Suites - Lombard, IL	Peachtree	Hospitality / credit	IL	0.218	1.5	2.42
Hilton Garden Inn - Tupelo, MS	Peachtree	Hospitality / credit	MS	0.218	2.09	8.42
Denver MSA Multifamily DST	Inland	Multifamily	CO	0.2178	1.39	1.75
Promenade Jersey Village	Olympus	Multifamily	TX	0.217	2.712688331	5.081451061
Days Inn - Shorter, AL	Peachtree	Hospitality / credit	AL	0.216	1.38	1.83
1400 Chestnut (Development)	Olympus	Multifamily	TN	0.2159	1.796880713	2.997946612
Eastwind - Additional Investment	Passco	Retail	NV	0.2152	2.136256	5.28
Home2 Suites - Salisbury, NC	Peachtree	Hospitality / credit	NC	0.215	1.15	2
Home2 - Fort Mill, SC	Peachtree	Hospitality / credit	SC	0.215	1.81	3.83
Holiday Inn Express - Auburn, AL	Peachtree	Hospitality / credit	AL	0.214	1.26	1.42
Element - West Windsor, NJ	Peachtree	Hospitality / credit	NJ	0.214	1.23	1.17
Doubletree - Atlanta, GA	Peachtree	Hospitality / credit	GA	0.213	1.91	3.75
Residence Inn / Home2 Suites - Montgomery, AL	Peachtree	Hospitality / credit	AL	0.213	1.34	1.67
Custom Spring TX Storage, L.L.C.	Inland	Self-Storage	TX	0.2121	2.12	4.11
HPI Real Estate Fund VII	Hamilton Point			0.212		3.5
Estates	Passco	Multifamily	GA	0.212	2.21476	5.73
La Quinta Inn & Suites - Lakeway, TX	Peachtree	Hospitality / credit	TX	0.212	1.95	5.25
Twenty25	Passco	Multifamily	GA	0.2119	2.366755	6.45
Chicagoland Grocery Venture II DST	Inland	Retail		0.2114	1.57	2.58
HPI Real Estate Fund VI	Hamilton Point			0.211		4
Holiday Inn - Sulphur, LA	Peachtree	Hospitality / credit	LA	0.21	1.2	1
Elevation	Olympus	Multifamily	AZ	0.2097	3.034904265	5.831622177
Lively at Carolina Forest	Passco	Multifamily	SC	0.2097	1.784278	3.74
Sonesta Suites - Dublin, OH	Peachtree	Hospitality / credit	OH	0.209	1.15	0.83
Traton Homes Milford - Marietta, GA	Peachtree	Hospitality / credit	GA	0.209	1.27	1.17
Bellis Fair - Bellingham, WA	Peachtree	Hospitality / credit	WA	0.208	1.19	1.75
Thompson - San Antonio, TX	Peachtree	Hospitality / credit	TX	0.208	1.11	0.67
Merit Medical	Syndicated Equities	Healthcare / MOB	TX	0.207048458	1.94	4.54
Margaritaville - South Padre, TX	Peachtree	Hospitality / credit	TX	0.207	1.56	2.83
Quality Inn & Suites - Mt. Pleasant, IA	Peachtree	Hospitality / credit	IA	0.207	1.77	3.83
Hyatt Place - Jacksonville, FL	Peachtree	Hospitality / credit	FL	0.207	1.97	3.67
Element - Houston, TX	Peachtree	Hospitality / credit	TX	0.207	1.99	5
Mariner Grove	Passco	Multifamily	GA	0.206	1.92288	4.48
Holiday Inn Express - Opelika, AL	Peachtree	Hospitality / credit	AL	0.206	1.31	1.92
Hilton Garden Inn - Granbury, TX	Peachtree	Hospitality / credit	TX	0.206	1.74	3.25
Staybridge Suites - Plainfield, IN	Peachtree	Hospitality / credit	IN	0.205	1.76	4.75
Courtyard / Fairfield Inn and Suites - Lithia Springs, GA	Peachtree	Hospitality / credit	GA	0.205	1.5	2.5
EVEN - Atlanta, GA	Peachtree	Hospitality / credit	GA	0.205	1.8	4
Sonesta ES Suites - Middleburg Heights, OH	Peachtree	Hospitality / credit	OH	0.205	1.47	2.42
Home2 Suites - Albany, NY	Peachtree	Hospitality / credit	NY	0.204	1.76	3
Comfort Inn & Suites - Tacoma, WA	Peachtree	Hospitality / credit	WA	0.204	1.18	1.42
Hampton Inn & Suites - Seal Beach, CA	Peachtree	Hospitality / credit	CA	0.204	1.4	2
Hotel Indigo - Tuscaloosa, AL	Peachtree	Hospitality / credit	AL	0.204	1.51	2.42
Sonoma Pointe	Bluerock	Multifamily	FL	0.203	2.519579909	5
Tapestry - Kahului, HI	Peachtree	Hospitality / credit	HI	0.203	1.52	2.42
Hilton Garden Inn - Phoenix, AZ	Peachtree	Hospitality / credit	AZ	0.203	2.06	5.67
Almeria	Passco	Multifamily	AZ	0.202	1.93122	4.61
Dolphin Inn - Virginia Beach, VA	Peachtree	Hospitality / credit	VA	0.202	1.13	0.75
Holiday Inn Express - Albany, NY	Peachtree	Hospitality / credit	NY	0.202	1.45	2.92
Hampton Inn - Plymouth Meeting, PA	Peachtree	Hospitality / credit	PA	0.202	1.67	3.33
Traton Homes Majors Road - Cumming, GA	Peachtree	Hospitality / credit	GA	0.202	1.93	3.67
Holiday Inn Express & Suites - Carter Lake, IA	Peachtree	Hospitality / credit	IA	0.202	1.13	0.67
Park Creek Steeple Multifamily DST	Inland	Multifamily		0.2016	2.92	6.42
Holiday Inn Express - Jacksonville, FL	Peachtree	Hospitality / credit	FL	0.201	1.36	2.08
Sonesta Simply Suites - Detroit, MI	Peachtree	Hospitality / credit	MI	0.201	1.46	2.42
Cub Creek Station - Durham, NC	Peachtree	Hospitality / credit	NC	0.2	1.3	1.67
Candlewood Suites - Indianapolis, IN	Peachtree	Hospitality / credit	IN	0.2	2.01	5
LaQuinta Inn - Atlanta, GA	Peachtree	Hospitality / credit	GA	0.2	1.27	1.5
MDA City	Bluerock	Multifamily	IL	0.199	2.263009223	4.5
Hickory Hollow	Passco	Multifamily	TN	0.1983	2.01133	5.1
Hilton Garden Inn - Jackson, TN	Peachtree	Hospitality / credit	TN	0.198	3.83	8.08
Holiday Inn - Greensboro, NC	Peachtree	Hospitality / credit	NC	0.197	1.49	2.25
Days Inn - Kearney, NE	Peachtree	Hospitality / credit	NE	0.197	1.05	0.25
Arium Westside	Bluerock	Multifamily	GA	0.1962	3.063894013	6.25
Springhill Suites - Roswell, GA	Peachtree	Hospitality / credit	GA	0.196	1.56	2.58
Hampton Inn - Carter Lake, IA	Peachtree	Hospitality / credit	IA	0.196	1.13	0.67
Preserve at Port Royal	Olympus	Multifamily	SC	0.1958	1.814493938	3.331964408
Merritt	Passco	Multifamily	GA	0.1956	1.921276	4.71
Sonesta ES Suites - Montgomery, AL	Peachtree	Hospitality / credit	AL	0.195	1.45	2.42
Echo at Katy Ranch	Olympus	Multifamily	TX	0.1941	1.832418395	3.414099932
Olympus Hillwood	Olympus	Multifamily	TN	0.1941	3.671636328	7.331964408
Enders Place	Bluerock	Multifamily	FL	0.194	3.893736026	7.666666667
Home2 Suites - Youngstown, OH	Peachtree	Hospitality / credit	OH	0.194	1.65	3.08
Hanley & Mote - Covington, GA	Peachtree	Hospitality / credit	GA	0.194	1.17	0.92
Avail - Sandy Springs, GA	Peachtree	Hospitality / credit	GA	0.193	1.19	1.17
Fox Hill	Bluerock	Multifamily	TX	0.192	1.420864	2
Westin - Tampa, FL	Peachtree	Hospitality / credit	FL	0.192	2.23	6.67
Reunion Apartments	Bluerock	Multifamily	FL	0.1919	1.301246965	1.5
Doubletree Suites - Rancho Cordova, CA	Peachtree	Hospitality / credit	CA	0.191	1.28	1.67
Haven	Passco	Multifamily	FL	0.1896	1.868368	4.58
TownePlace Suites - Houston, TX	Peachtree	Hospitality / credit	TX	0.189	1.49	2.83
Walgreens	Syndicated Equities	Net-Lease / NNN	OK	0.18865598	5.59	24.33
Elevation at the Village (Development)	Olympus	Multifamily	AZ	0.1886	1.63010669	2.828199863
Homewood Suites - San Antonio, TX	Peachtree	Hospitality / credit	TX	0.188	1.3	1.67
Mall at Robinson - Pittsburgh, PA	Peachtree	Hospitality / credit	PA	0.188	1.32	1.92
Sonesta ES Suites - Memphis, TN	Peachtree	Hospitality / credit	TN	0.187	1.37	2.08
Holiday Inn Express - New Orleans, LA	Peachtree	Hospitality / credit	LA	0.187	1.98	4.58
Swann House - Washington, DC	Peachtree	Hospitality / credit	DC	0.187	1.61	3.33
Hampton Inn - Leesburg, FL	Peachtree	Hospitality / credit	FL	0.187	1.17	1.08
Courtyard - Fairfield, CA	Peachtree	Hospitality / credit	CA	0.186	1.24	1.33
Hampton Inn - Tampa, FL	Peachtree	Hospitality / credit	FL	0.186	1.45	2.58
Springhill Suites - Montgomery, AL	Peachtree	Hospitality / credit	AL	0.186	1.85	4.75
Fairfield Inn & Suites - San Francisco, CA	Peachtree	Hospitality / credit	CA	0.186	1.37	2.5
Element - Lone Tree , CO	Peachtree	Hospitality / credit	CO	0.185	1.39	2.17
Marriott - Mobile, AL	Peachtree	Hospitality / credit	AL	0.185	1.21	2
Hilton Garden Inn - Omaha, NE	Peachtree	Hospitality / credit	NE	0.185	1.22	1.25
Resort Property - Asheville, NC	Peachtree	Hospitality / credit	NC	0.184	1.39	2
Hampton Inn - Alexander City, AL	Peachtree	Hospitality / credit	AL	0.184	1.58	3.17
Boot Ranch Apartment	Syndicated Equities	Multifamily	FL	0.183294664	1.79	4.31
Home2 Suites - Charlotte, NC	Peachtree	Hospitality / credit	NC	0.183	1.31	3.5
Traton Homes East Park Village - Kennesaw, GA	Peachtree	Hospitality / credit	GA	0.183	1.31	1.83
HPI Fund III	Hamilton Point			0.1823		3.5
Arborstone	Olympus	Multifamily	TX	0.182	6.11947523	10.83367556
Sonesta Simply Suites - Knoxville, TN	Peachtree	Hospitality / credit	TN	0.182	1.27	1.58
Willow Park	Bluerock	Multifamily	TX	0.181	1.790089073	3.5
CF Bellevue Multifamily DST	Cantor	Multifamily	WA	0.181	1.694	3.5
Holiday Inn Express - Bellevue, KY	Peachtree	Hospitality / credit	KY	0.181	1.11	0.67
Olympus Carrington	Olympus	Multifamily	GA	0.1803	2.778940595	6.165639973
Aloft - Lake Buena Vista, FL	Peachtree	Hospitality / credit	FL	0.18	1.42	3.08
Suburban Extended Stay - Westminster, CO	Peachtree	Hospitality / credit	CO	0.18	1.38	2.25
Hampton Inn & Suites - Montgomery, AL	Peachtree	Hospitality / credit	AL	0.179	1.4	2.5
TownePlace Suites - Loveland, CO	Peachtree	Hospitality / credit	CO	0.178	1.4	2.17
Hilton Garden Inn - Aurora, CO	Peachtree	Hospitality / credit	CO	0.178	1.26	1.5
Walden at Chatham Center	Olympus	Multifamily	GA	0.177	3.890864227	8.336755647
Home2 Suites - Durham, NC	Peachtree	Hospitality / credit	NC	0.177	1.63	3.75
Cactus Forty-2	Olympus	Multifamily	AZ	0.1764	2.580140549	5.834360027
Courtyard - Jonesboro, AR	Peachtree	Hospitality / credit	AR	0.176	1.52	3
Sonesta ES Suites - Minneapolis, MN	Peachtree	Hospitality / credit	MN	0.176	1.2	1.25
Park and Kingston	Bluerock	Multifamily	NC	0.1755	2.466473025	5.583333333
The Mosaic	Olympus	Multifamily	TX	0.1755	3.452496121	7.663244353
Curio by Hilton - Houston, TX	Peachtree	Hospitality / credit	TX	0.175	1.62	4.25
James on South First	Bluerock	Multifamily	TX	0.174	1.977376697	4.25
Sonesta ES Suites - Westport, MO	Peachtree	Hospitality / credit	MO	0.174	1.2	1.17
Sonesta ES Suites - Birmingham, AL	Peachtree	Hospitality / credit	AL	0.174	1.2	1.17
Holiday Inn Express & Suites - Granger, IN	Peachtree	Hospitality / credit	IN	0.174	1.18	1
Ample Korean Restaurant - Barstow, CA	Peachtree	Hospitality / credit	CA	0.174	1.05	0.25
The Ranch at Shadow Lake	Olympus	Multifamily	TX	0.1736	2.870434259	6.587268994
Courtyard - Newburgh, NY	Peachtree	Hospitality / credit	NY	0.172	1.97	5.67
TRYP - Savannah, GA	Peachtree	Hospitality / credit	GA	0.172	1.55	2.75
DoubleTree - Atlantic Beach, NC	Peachtree	Hospitality / credit	NC	0.172	1.49	2.5
Holiday Inn - Mount Olive, NJ	Peachtree	Hospitality / credit	NJ	0.172	1.09	0.67
NREA Adair DST	NexPoint	Multifamily		0.171	1.7
Hampton Inn / La Quinta - Aberdeen, MD	Peachtree	Hospitality / credit	MD	0.171	1.65	4
Holiday Inn Express - Chalmette, LA	Peachtree	Hospitality / credit	LA	0.169	1.41	2.08
Comfort Suites - Starkville, MS	Peachtree	Hospitality / credit	MS	0.169	3.04	14.5
Hampton Inn - Starkville, MS	Peachtree	Hospitality / credit	MS	0.169	3.04	14.5
Holiday Inn Express - Daytona Beach, FL	Peachtree	Hospitality / credit	FL	0.169	1.45	3.67
HPI Real Estate Fund V	Hamilton Point			0.168		4.5
Hotel Indigo - Sarasota, FL	Peachtree	Hospitality / credit	FL	0.168	2.02	5.33
Hilton Garden Inn - Davis, CA	Peachtree	Hospitality / credit	CA	0.168	1.21	1.25
Hampton Inn - Metairie, LA	Peachtree	Hospitality / credit	LA	0.168	1.24	1.58
Somerset Park	Olympus	Multifamily	OK	0.1677	5.794229206	11.33196441
Amarillo Self-Storage Portfolio DST	Inland	Self-Storage		0.1676	1.59	3.16
Paul Hotel - New York, NY	Peachtree	Hospitality / credit	NY	0.167	1.41	2.33
1000 West	Passco	Multifamily	SC	0.1664	1.820352	4.93
Hampton Inn - Milwaukee NW, WI	Peachtree	Hospitality / credit	WI	0.165	1.31	2
Olympus Waterford	Olympus	Multifamily	TX	0.1642	2.489288214	5.998631075
Olympus Stone Glen	Olympus	Multifamily	TX	0.1642	2.457373655	5.9137577
Olympus Town Center	Olympus	Multifamily	TX	0.1642	2.457373655	5.9137577
Lansbrook	Bluerock	Multifamily	FL	0.164	1.597184264	3.083333333
Element - Orlando, FL	Peachtree	Hospitality / credit	FL	0.164	2.19	5.33
CF Hendry Multifamily DST	Cantor	Multifamily		0.163	1.723	3.8
Origin - Raleigh, NC	Peachtree	Hospitality / credit	NC	0.163	1.08	0.5
Comfort / MainStay - Cincinnati, OH	Peachtree	Hospitality / credit	OH	0.163	1.27	1.58
FL-NY Multifamily Portfolio DST	Inland	Multifamily	NY	0.1626	2.19	5.75
Olympus on Main (Development)	Olympus	Multifamily	TX	0.1622	1.531033908	2.833675565
Olympus Fenwick	Olympus	Multifamily	GA	0.1622	2.792090972	6.830937714
Multifamily 6 – El Paso Apartment Portfolio	ExchangeRight	Multifamily	TX	0.16215	1.615	3.797399042
Entrada	IDEAL		CA	0.162	1.550250549	2.92
Wingate by Wyndham - St. Clairsville, OH	Peachtree	Hospitality / credit	OH	0.162	1.51	3.83
Sands Parc	Bluerock	Multifamily	FL	0.1616	1.913867854	4.333333333
AC Hotel - Brentwood, TN	Peachtree	Hospitality / credit	TN	0.161	1.49	4
Residence Inn - Ocean Township, NJ	Peachtree	Hospitality / credit	NJ	0.161	1.2	1.83
Two Blocks	Passco	Multifamily	GA	0.1608	1.799176	4.97
Longitude 82	Passco	Multifamily	FL	0.1607	1.726364	4.52
Walker House Apartments	Syndicated Equities	Multifamily	MD	0.160621762	1.62	3.86
309 Green Street	Syndicated Equities	Office	IL	0.160427807	1.3	1.87
Four Seasons Hotel	Syndicated Equities	Hospitality	TX	0.160409556	1.94	5.86
Arlington Highlands Retail Center	Syndicated Equities	Retail	TX	0.16025641	1.5	3.12
Sycamore Farms	Olympus	Multifamily	OK	0.1602	6.023812637	12.08487337
Curtis Hotel	Syndicated Equities	Hospitality	CO	0.16	1.44	2.75
Courtyard - Buffalo, NY	Peachtree	Hospitality / credit	NY	0.159	2.03	5.5
Hotel Indigo - Chattanooga, TN	Peachtree	Hospitality / credit	TN	0.158	1.24	2.25
Hampton Inn - Milwaukee, WI	Peachtree	Hospitality / credit	WI	0.157	1.63	3.83
Element - Palmdale, CA	Peachtree	Hospitality / credit	CA	0.157	1.6	4.08
Holiday Inn - Chandler, AZ	Peachtree	Hospitality / credit	AZ	0.157	1.04	0.25
Sprinkle Cutoff - Austin, TX	Peachtree	Hospitality / credit	TX	0.157	1.15	1.08
Hilton Garden Inn - Wesley Chapel, FL	Peachtree	Hospitality / credit	FL	0.156	1.71	4.92
Wingate Inn - Winchester, VA	Peachtree	Hospitality / credit	VA	0.156	1.26	1.67
Tru - Florida City, FL	Peachtree	Hospitality / credit	FL	0.155	1.33	2.25
Speedway Villas - Myrtle Beach, SC	Peachtree	Hospitality / credit	SC	0.154	1.15	1.08
Turkey Creek	Passco	Multifamily	TN	0.153	1.887408	5.92
Staybridge Suites - Indianapolis, IN	Peachtree	Hospitality / credit	IN	0.153	1.5	3.42
Hampton Inn - New Albany, IN	Peachtree	Hospitality / credit	IN	0.153	1.72	3.92
Residence Inn - Little Rock, AR	Peachtree	Hospitality / credit	AR	0.153	1.79	5
Home2 Suites - St. Augustine, FL	Peachtree	Hospitality / credit	FL	0.153	2.51	6.75
Greenwood Reserve	Passco	Multifamily	KS	0.1521	1.690534	4.54
Grand at Westside	Bluerock	Multifamily	FL	0.152	1.890323598	4.5
Comfort Suites - Columbus, GA	Peachtree	Hospitality / credit	GA	0.152	1.04	0.33
Cranberry Square	Syndicated Equities	Retail	PA	0.151982379	1.69	4.54
Riverstone Apartments	Syndicated Equities	Multifamily	MO	0.151975684	1.5	3.29
Naperville Retail Center DST	Inland	Retail	IL	0.1517	1.49	3.08
Mars Petcare	Syndicated Equities	Healthcare / MOB	OH	0.151648352	1.69	4.55
Aloft - Detroit, MI	Peachtree	Hospitality / credit	MI	0.151	1.31	2.08
La Quinta - Savannah, GA	Peachtree	Hospitality / credit	GA	0.15	1.85	5.5
Student Housing Development	Syndicated Equities	Student Housing		0.15	1.36	2.4
Four Points - Huntersville, NC	Peachtree	Hospitality / credit	NC	0.149	1.2	2.75
AC - San Diego, CA	Peachtree	Hospitality / credit	CA	0.149	1.49	3.5
Navigator Villas	Bluerock	Multifamily	WA	0.1481	1.905045469	4.666666667
Creekside Village	Bluerock	Multifamily	TN	0.148	1.736870953	4
Cottages at Port St. Lucie	Bluerock	Multifamily	FL	0.148	1.736870953	4
Encore Chandler	Bluerock	Multifamily	AZ	0.148	1.317904	2
Cottages at Myrtle Beach	Bluerock	Multifamily	SC	0.148	1.717008301	3.916666667
Homewood Suites - Gretna, LA	Peachtree	Hospitality / credit	LA	0.148	1.6	4.25
Courtyard - Gretna, LA	Peachtree	Hospitality / credit	LA	0.148	1.23	3.75
Hampton Inn - Jekyll Island, GA	Peachtree	Hospitality / credit	GA	0.148	1.88	4.92
Clearwater	Bluerock	Multifamily	FL	0.147	2.582143102	6.916666667
Walgreens	Syndicated Equities	Net-Lease / NNN	IL	0.146868251	1.68	4.63
Self-Storage Portfolio IV DST	Inland	Self-Storage		0.1467	1.76	4.58
HPI Apartment Opportunity Fund II	Hamilton Point	Multifamily		0.1464		4
Veranda	Passco	Multifamily	KY	0.1464	1.853512	5.83
Home2 Suites - Florida City, FL	Peachtree	Hospitality / credit	FL	0.146	1.31	2.25
Avondale Station - Avondale, AZ	Peachtree	Hospitality / credit	AZ	0.146	1.08	0.58
Steeplechase	Olympus	Multifamily	TN	0.1452	1.947013383	4.914442163
HPI Apartment Opportunity Fund I	Hamilton Point	Multifamily		0.145		4
Element - Detroit, MI	Peachtree	Hospitality / credit	MI	0.145	1.07	0.58
Homewood Suites - Daytona, FL	Peachtree	Hospitality / credit	FL	0.145	1.81	5.25
Home2 Suites - Lawrenceville, GA	Peachtree	Hospitality / credit	GA	0.145	2.3	6.42
Vue21	Passco	Multifamily	CO	0.1449	1.628866	4.34
The Woods at Forrest Hill	Bluerock	Multifamily	TX	0.144	1.497193984	3
Self-Storage Portfolio II DST	Inland	Self-Storage		0.1431	1.83	4.97
HPI Real Estate Fund IV	Hamilton Point			0.143		5
Holiday Inn & Waterpark - Dundee, MI	Peachtree	Hospitality / credit	MI	0.143	1.48	3.17
Wimberly at Deerwood	Olympus	Multifamily	FL	0.1415	2.850553207	7.915126626
Customs & Border Patrol	Syndicated Equities	Government	GA	0.140324963	1.95	6.77
Villas at Oak Crest	Bluerock	Multifamily	TN	0.14	1.564677757	3.416666667
Riverchase	Olympus	Multifamily	OK	0.1396	2.46881847	6.915811088
Sears Sterling	Syndicated Equities	Retail	IL	0.138542351	3.11	15.23
Longitude 81	Passco	Multifamily	FL	0.1385	1.851775	6.15
Legacy at Acworth	Syndicated Equities	Multifamily	GA	0.138107417	1.54	3.91
Ashton Reserve	Bluerock	Multifamily	NC	0.138	1.847888424	4.75
Curio by Hilton - Chattanooga, TN	Peachtree	Hospitality / credit	TN	0.138	1.13	1
Hilton Garden Inn - Arlington, VA	Peachtree	Hospitality / credit	VA	0.138	1.25	1.42
Home2 Suites - El Paso, TX	Peachtree	Hospitality / credit	TX	0.138	1.76	5.5
Holiday Inn Express - Louisville, KY	Peachtree	Hospitality / credit	KY	0.138	1.61	3.92
Olympus at Team Ranch	Olympus	Multifamily	TX	0.1376	1.787161913	4.503764545
Arium Palms Gateway	Bluerock	Multifamily	FL	0.137	1.689229138	4.083333333
Springhouse	Bluerock	Multifamily	VA	0.136	2.339854626	6.666666667
Redstone at SanTan Village	Olympus	Multifamily	AZ	0.136	2.715050906	7.832991102
Vistara at SanTan Village	Olympus	Multifamily	AZ	0.136	2.743636079	7.915126626
AC - Bridgewater, NJ	Peachtree	Hospitality / credit	NJ	0.136	1.65	6.75
Platform Apartments	Griffin	Multifamily	GA	0.135	1.89	2.5
Fairfield Inn & Suites - Indianapolis, IN	Peachtree	Hospitality / credit	IN	0.135	3.32	11.67
Mirador at River City	Olympus	Multifamily	FL	0.1345	3.570848858	10.0862423
Stovall at River City	Olympus	Multifamily	FL	0.1345	3.570848858	10.0862423
US Government – GSA SSA Birmingham (2009 DST)	NLCA	Government	AL	0.134122449	2.643	12.25
Elements at 1600	IDEAL		CA	0.133	1.647857449	4
Hilton Garden Inn - Lawrenceville, NJ	Peachtree	Hospitality / credit	NJ	0.133	1.64	4.25
CF Rivertop Multifamily DST	Cantor	Multifamily		0.132	1.415	3.2
DoubleTree - West Fargo, ND	Peachtree	Hospitality / credit	ND	0.132	1.2	1.58
Riverside Apartments	Bluerock	Multifamily	TX	0.131	1.279161	2
The DeSota	Bluerock	Multifamily	FL	0.131	1.619553141	3.916666667
Residence Inn - Hamilton Township, NJ	Peachtree	Hospitality / credit	NJ	0.131	1.49	3.5
Homewood Suites - Poughkeepsie, NY	Peachtree	Hospitality / credit	NY	0.131	1.56	3.83
The Conley	Bluerock	Multifamily	TX	0.13	1.343609003	2.416666667
TownePlace Suites - Florence, SC	Peachtree	Hospitality / credit	SC	0.13	1.18	1.42
Net-Leased Preferred Equity Fund 1	ExchangeRight	Preferred Equity / Notes		0.1293	1.28	4.670773443
TownePlace Suites - Irving, TX	Peachtree	Hospitality / credit	TX	0.129	1.05	0.58
Holiday Inn Express - Pittston, PA	Peachtree	Hospitality / credit	PA	0.129	1.03	0.42
Homewood Suites - Eatontown, NJ	Peachtree	Hospitality / credit	NJ	0.129	1.46	3.83
Domain at the One Forty	Bluerock	Multifamily	TX	0.1289	2.17707113	6.416666667
Colorado Multifamily Portfolio II DST	Inland	Multifamily	CO	0.1289	1.56	4
Weatherford BFR 185	Bluerock	Multifamily	TX	0.1281	1.051505381	0.416666667
Heritage Apartments	Griffin	Multifamily	NH	0.128	1.7	5.58
Legends at Indian Springs	Passco	Multifamily	KY	0.128	1.70912	5.54
Multifamily 3 – Lakeside at Arbor Place Apartments	ExchangeRight	Multifamily		0.12795	1.405	3.197809719
Chicagoland Fresh Market Venture DST	Inland	Retail		0.1271	1.53	4.67
Hampton Inn & Suites - Columbus, OH	Peachtree	Hospitality / credit	OH	0.127	1.52	4
Springhill Suites - San Antonio, TX	Peachtree	Hospitality / credit	TX	0.127	1.81	5.25
Plaza at the Pointe	Syndicated Equities	Retail	PA	0.126785714	1.71	5.6
Moody DFW DST — Bardin Greene	Moody	Multifamily	TX	0.126316475	1.661237785	5.234770705
Columns at Wakefield	Passco	Multifamily	NC	0.1254	1.797544	6.36
The Cottages at Warner Robins	Bluerock	Multifamily	GA	0.125	1.265625	2
Fairfield Inn & Suites - Birmingham, AL	Peachtree	Hospitality / credit	AL	0.124	1.4	4.67
EVEN - Tinley Park, IL	Peachtree	Hospitality / credit	IL	0.124	1.03	0.25
Homewood Suites - Destin, FL	Peachtree	Hospitality / credit	FL	0.124	1.81	5.42
Enclave at Rivergate	Passco	Multifamily	NC	0.1235	1.65702	5.32
Sundance Creek	Passco	Multifamily	GA	0.1233	1.70281	5.7
Courtyard - Cincinnati, OH	Peachtree	Hospitality / credit	OH	0.123	1.1	1
Fairfield Inn & Suites - Columbus, MS	Peachtree	Hospitality / credit	MS	0.123	2.12	16.17
Dollar General	Four Springs	Net-Lease / NNN	NC	0.122797044	1.18	1.465833333
The Reserve at Palmer Ranch (2nd cycle)	Bluerock	Multifamily	FL	0.1226	1.1667202	1.333333333
CF Norterra Canyon Multifamily DST	Cantor	Multifamily		0.122	1.374	3.2
Hampton Inn / Home2 - Lake Nona, FL	Peachtree	Hospitality / credit	FL	0.122	1.43	4.5
Hampton Inn - Lake Park, GA	Peachtree	Hospitality / credit	GA	0.121	1.96	7.17
Avondale Hills	Bluerock	Multifamily	GA	0.1208	1.131502364	1.083333333
CVS	Syndicated Equities	Net-Lease / NNN	FL	0.120517928	2.21	10.04
Acquisition Notes	ExchangeRight	Preferred Equity / Notes		0.12	1.39	5.374401095
Zionsville Ground Express DST	Inland	Industrial		0.1199	1.23	1.92
Marcus Pointe	Passco	Multifamily	FL	0.1192	1.735464	6.17
Cambria - New York, NY	Peachtree	Hospitality / credit	NY	0.119	1.2	1.75
The Riley	Bluerock	Multifamily	TX	0.1189	1.194683458	1.583333333
Ft. Collins Multifamily III DST	Inland	Multifamily		0.1181	1.67	5.12
CF Star Multifamily Portfolio DST	Cantor	Multifamily		0.118	1.593	5.2
Deerwood Apartments	Bluerock	Multifamily	TX	0.1177	1.15993504	1.333333333
Villa Toscana	Passco	Multifamily	TX	0.1165	2.536635	13.19
Grand Dominion	Bluerock	Multifamily	TX	0.116	1.71533503	4.916666667
Staybridge Suites - Baltimore, MD	Peachtree	Hospitality / credit	MD	0.116	1.1	0.83
Waterford Landing	Hamilton Point	Multifamily	GA	0.115225073	1.326086957	2.83
Beach House	Bluerock	Multifamily	FL	0.115	1.819750178	5.5
The Hartley at Blue Hill Loan	Bluerock	Multifamily	NC	0.115	1.265985931	2.166666667
Henry Ford Health - OptimEyes	Syndicated Equities	Healthcare / MOB	MI	0.114107884	1.55	4.82
Hunter’s Pointe	Bluerock	Multifamily	FL	0.1141	1.219067218	1.833333333
Belmont Crossing	Bluerock	Multifamily	GA	0.1139	1.24077321	2
Sierra Terrace	Bluerock	Multifamily	GA	0.1139	1.24077321	2
Sierra Village	Bluerock	Multifamily	GA	0.1139	1.24077321	2
Georgetown Crossing	Bluerock	Multifamily	GA	0.1138	1.274430717	2.25
Park on the Square	Bluerock	Multifamily	FL	0.1138	1.274430717	2.25
Water’s Edge	Bluerock	Multifamily	FL	0.1138	1.218465466	1.833333333
The Commons on Anniston	Bluerock	Multifamily	FL	0.1137	1.262790025	2.166666667
Wilkinson Spring Parc	Bluerock	Multifamily	TX	0.1133	1.143576603	1.25
Wilkinson Crossings at Dawsonville	Bluerock	Multifamily	GA	0.1133	1.143576603	1.25
Deercross Apartments	Bluerock	Multifamily	IN	0.1131	1.153574313	1.333333333
Garden Park	Hamilton Point	Multifamily	AR	0.113086169	1.310986965	2.75
Residence Inn - Southern Pines, NC	Peachtree	Hospitality / credit	NC	0.113	1.91	6.42
Asheville	Passco	Multifamily	NC	0.1124	1.664284	5.91
Elements 616	IDEAL		CA	0.112	1.350443901	2.83
Holiday Inn - Johnson City, TN	Peachtree	Hospitality / credit	TN	0.112	1.29	2.5
Fusion	Olympus	Multifamily	CA	0.1113	1.511594834	3.915126626
Big Creek	Bluerock	Multifamily	GA	0.111	1.550512406	4.166666667
DoubleTree - Biloxi, MS	Peachtree	Hospitality / credit	MS	0.111	2.19	8.08
Riverside	Bluerock	Multifamily	FL	0.11	1.775318928	5.5
Medical Office Portfolio DST	Inland	Healthcare / MOB		0.1094	1.42	3.75
Renew 3030	Bluerock	Multifamily	AZ	0.1091	1.128407133	1.166666667
CF Sawyer Multifamily DST	Cantor	Multifamily		0.109	1.37	3.4
Bradenton Multifamily DST	Inland	Multifamily	FL	0.109	1.53	4.67
LSC-BIO HC1, DST	Livingston Street Capital	Multifamily		0.108235294	1.46	4.25
Desert Parks Vista	Passco	Multifamily	AZ	0.1082	1.916454	8.47
Azure	Passco	Multifamily	FL	0.1081	1.517799	4.79
Austin Lakeshore Multifamily DST	Inland	Multifamily	TX	0.108	1.33	3.01
Parkcrest Landings	Passco	Land / Development	FL	0.107	1.7597	7.1
TownePlace Suites - Chandler, AZ	Peachtree	Hospitality / credit	AZ	0.107	1.53	4.67
Hampton Inn - Tempe, AZ	Peachtree	Hospitality / credit	AZ	0.107	1.49	3.92
Net-Leased Portfolio 2	ExchangeRight	Net-Lease / NNN		0.1067	1.72	7.066392882
Pharmacy Portfolio III DST	Inland	Net-Lease / NNN		0.1055	2.98	10.92
Olympus Chenal Valley	Olympus	Multifamily	AR	0.1055	1.263593147	2.332648871
Multifamily 5 – Crystal Lake Florida Apartments	ExchangeRight	Multifamily	FL	0.1053	1.255	2.57357974
MODA at Monrovia Station	Griffin	Land / Development	CA	0.105	1.59	2
Orlando Student Housing DST	Inland	Student Housing	FL	0.105	1.28	2.67
Hilton Garden Inn - Cranberry, PA	Peachtree	Hospitality / credit	PA	0.105	1.22	3
Silver City	Passco	Retail	NV	0.1049	2.577696	15.04
LSC-FAUR MC3, DST	Livingston Street Capital	Multifamily		0.104868914	1.28	2.67
Self-Storage Portfolio V DST	Inland	Self-Storage		0.1044	1.93	6.75
Mira Vista	Bluerock	Multifamily	TX	0.1041	1.189226881	1.75
Curio - Cincinnati, OH	Peachtree	Hospitality / credit	OH	0.104	1.14	1.42
HPI Real Estate Fund VIII	Hamilton Point			0.1039
Walgreens	Syndicated Equities	Net-Lease / NNN	IL	0.103542234	2.14	11.01
Sorrel Phillips Creek	Bluerock	Multifamily	TX	0.103	1.456150055	3.833333333
Net-Leased Portfolio 3	ExchangeRight	Net-Lease / NNN		0.103	1.785	7.638603696
Southport	Olympus	Multifamily	OK	0.103	2.643625179	9.916495551
Ft. Collins Multifamily Portfolio DST	Inland	Multifamily		0.1029	1.66	5.55
Zoey	Bluerock	Multifamily	TX	0.1027	1.266500373	2.416666667
Springhill Suites - Reno, NV	Peachtree	Hospitality / credit	NV	0.102	1.09	1.25
Scarborough Medical DST	Inland	Healthcare / MOB		0.1016	2.12	9.5
Glen at Alexander	Passco	Multifamily	GA	0.1016	1.672592	6.62
Vinings	Passco	Multifamily	SC	0.1015	1.67802	6.68
Net-Leased Preferred Equity Fund 2	ExchangeRight	Preferred Equity / Notes		0.1011	1.24	3.635865845
CF Towson Multifamily DST	Cantor	Multifamily		0.101	1.308	3.2
TownePlace Suites - Southaven, MS	Peachtree	Hospitality / credit	MS	0.101	1.54	5.25
Self-Storage Portfolio I DST	Inland	Self-Storage		0.1007	1.61	5.55
Encore at the Park	Passco	Multifamily	NC	0.1004	1.465856	4.64
Walgreens	Syndicated Equities	Net-Lease / NNN	MI	0.100303951	1.99	9.87
Novel Perimeter	Bluerock	Multifamily	GA	0.1	1.4641	4
Acquisitions Notes 2	ExchangeRight	Preferred Equity / Notes		0.1	1.31	5.511293634
Acquisition Notes 3	ExchangeRight	Preferred Equity / Notes		0.1	1.18	3.121149897
Hampton - Buellton, CA	Peachtree	Hospitality / credit	CA	0.1	1.29	2.92
Tapestry Collection - Knoxville, TN	Peachtree	Hospitality / credit	TN	0.1	1.74	7.17
Rite Aid	Syndicated Equities	Net-Lease / NNN	OH	0.099937539	2.6	16.01
Net-Leased Portfolio 1	ExchangeRight	Net-Lease / NNN		0.0999	1.485	7.397672827
Pharmacy Portfolio IV DST	Inland	Net-Lease / NNN		0.0995	2.7	10.59
Ravinia Plaza Shopping Center	Syndicated Equities	Retail	IL	0.099358974	1.31	3.12
LSC-UKHS HC2, DST	Livingston Street Capital	Multifamily		0.099315068	1.29	2.92
Student Housing Development	Syndicated Equities	Student Housing	IL	0.099236641	1.13	1.31
Sentry Office Building DBT	Inland	Office		0.099	2.29	17.65
Aloft / Element - Round Rock, TX	Peachtree	Hospitality / credit	TX	0.099	1.59	4.92
Axis West	Bluerock	Multifamily	FL	0.098	1.487852728	4.25
Home2 Suites - Bloomington, IN	Peachtree	Hospitality / credit	IN	0.098	1.08	0.75
Wells Place Apartment Development	Syndicated Equities	Multifamily	IL	0.097058824	1.33	3.4
Quinn35	Bluerock	Multifamily	MA	0.097	1.625866171	5.25
Crocker House	Hamilton Point	Multifamily	CT	0.096525097	1.321428571	3.33
Mesa Ridge	Bluerock	Multifamily	TX	0.096	1.681098421	5.666666667
Pearce at Pavilion	Passco	Multifamily	FL	0.0955	1.62839	6.58
Walgreens	Syndicated Equities	Net-Lease / NNN	CO	0.095427435	1.96	10.06
Denver MSA Multifamily II DST	Inland	Multifamily	CO	0.0953	1.43	4.33
Peak Housing Operating Partnership	Bluerock	Multifamily	TX	0.095	1.39482087	3.666666667
Timber Hollow Apartments	Syndicated Equities	Multifamily	OH	0.094949495	1.47	4.95
The Village at Orange-Additional Investment	Passco	Retail	CA	0.0948	1.29388	3.1
Net-Leased Portfolio 8	ExchangeRight	Net-Lease / NNN		0.0946	1.435	4.698151951
East Coast Wholesale DST	Inland	Retail		0.0946	1.56	5.75
Overlook	Passco	Multifamily	TN	0.0942	1.471942	5.01
Valley Townhomes	Bluerock	Multifamily	WA	0.094	2.76819268	11.33333333
Hampton Inn - Cartersville, GA	Peachtree	Hospitality / credit	GA	0.094	1.32	3.75
Hilton Garden Inn - Indianapolis, IN	Peachtree	Hospitality / credit	IN	0.094	1.64	6.33
Marisol	Passco	Multifamily	FL	0.0935	1.719015	7.69
Hanford Mall-Additional Investment B	Passco	Retail	CA	0.0933	1.659631	7.07
Thornton Flats	Bluerock	Multifamily	TX	0.0931	1.221756792	2.25
Hampton Inn & Suites - Oakdale, MN	Peachtree	Hospitality / credit	MN	0.093	1.33	3.67
FSC MRC Odessa TX, DST	Four Springs	Industrial	TX	0.0927	1.7851	8.47
Colorado Multifamily Portfolio DST	Inland	Multifamily	CO	0.0925	1.43	4.5
Chicagoland Grocery Venture DST	Inland	Retail		0.0925	1.69	7.25
Wolfchase	Passco	Multifamily	TN	0.0924	1.645876	6.99
Mill Creek Run	Hamilton Point	Multifamily	GA	0.09221902	1.345821326	3.75
Net-Leased Portfolio 7	ExchangeRight	Net-Lease / NNN		0.0919	1.665	7.378507871
Mt. Pleasant Retail Venture DST	Inland	Retail		0.0917	1.84	8.84
Net-Leased Portfolio 16	ExchangeRight	Net-Lease / NNN		0.09165	1.425	4.752908966
Net-Leased Portfolio 12	ExchangeRight	Net-Lease / NNN		0.09155	1.325	3.676933607
Staybridge Suites - South Bend, IN	Peachtree	Hospitality / credit	IN	0.091	1.07	1.08
Courtyard - South Bend, IN	Peachtree	Hospitality / credit	IN	0.091	1.07	1.08
Net-Leased Portfolio 13	ExchangeRight	Net-Lease / NNN		0.09045	1.37	4.158795346
Cary Custom 1031, L.L.C.	Inland	Multifamily		0.0899	1.35	3.67
The Wilcox	Hamilton Point	Multifamily	CT	0.089340292	1.37254902	4.17
NorthShore University HealthSystem	Syndicated Equities	Healthcare / MOB	IL	0.088960343	1.83	9.33
Net-Leased Portfolio 4	ExchangeRight	Net-Lease / NNN		0.08855	1.66	7.515400411
DC MSA Retail DST	Inland	Retail	DC	0.0884	1.94	9.92
Custom Pharmacy Sale Leaseback, L.L.C.	Inland	Net-Lease / NNN		0.0883	1.8	8.47
Net-Leased Portfolio 14	ExchangeRight	Net-Lease / NNN		0.0875	1.375	4.309377139
Lexington	Passco	Multifamily	KY	0.0875	1.462875	5.29
Walgreens	Syndicated Equities	Net-Lease / NNN	MN	0.087128713	1.44	5.05
Leigh House	Bluerock	Multifamily	NC	0.087	1.357818313	3.666666667
Embassy Suites - Williamsburg, VA	Peachtree	Hospitality / credit	VA	0.087	1.41	4.33
Net-Leased Portfolio 17	ExchangeRight	Net-Lease / NNN		0.0869	1.415	4.87063655
Net-Leased Portfolio 15	ExchangeRight	Net-Lease / NNN		0.0868	1.385	4.668035592
Metropolitan Place Retail	Syndicated Equities	Retail	IL	0.086666667	1.78	9
Denver Multifamily Portfolio DST	Inland	Multifamily	CO	0.0866	1.31	3.58
Lone Oak	Passco	Multifamily	TX	0.0865	1.44461	5.14
West Loop Multifamily Development	Syndicated Equities	Multifamily	IL	0.086363636	1.57	6.6
New York Power DST	Inland	Industrial	NY	0.0863	1.93	10.5
Net-Leased Portfolio 19	ExchangeRight	Net-Lease / NNN		0.0861	1.4	4.673511294
Fairfield Inn - Orange Beach, AL	Peachtree	Hospitality / credit	AL	0.086	1.22	2.5
Holiday Inn Express - Pell City, AL	Peachtree	Hospitality / credit	AL	0.086	1.58	6.92
The Vista & Willow Creek	Syndicated Equities	Multifamily	MI	0.085972851	1.19	2.21
Carmel Multifamily DST	Inland	Multifamily		0.0853	1.56	6.08
Vicker’s Historic Roswell	Bluerock	Multifamily	GA	0.085	1.453403829	4.583333333
Louisville Multifamily DST	Inland	Multifamily	KY	0.0842	1.41	4.95
Courtney Village	Passco	Multifamily	AZ	0.0842	1.950618	11.29
Ansley Village	Bluerock	Multifamily	GA	0.084	1.568845437	5.583333333
Jefferson Place	Bluerock	Multifamily	MD	0.084	1.758753503	7
Raveneaux	Passco	Multifamily	TX	0.084	1.80724	9.61
Holiday Inn - North Canton, OH	Peachtree	Hospitality / credit	OH	0.084	1.21	1.25
Hampton Inn - Pell City, AL	Peachtree	Hospitality / credit	AL	0.084	1.58	7.08
Holiday Inn - Franklin, TN	Peachtree	Hospitality / credit	TN	0.084	1.29	4.25
Net-Leased Portfolio 5	ExchangeRight	Net-Lease / NNN		0.08385	1.645	7.843942505
Arlington	Passco	Multifamily	VA	0.0838	1.48185	5.75
Net-Leased Preferred Equity Fund 3	ExchangeRight	Preferred Equity / Notes		0.0837	1.3	6.924024641
United Healthcare Portfolio	Syndicated Equities	Healthcare / MOB	NV	0.083478261	1.48	5.75
Net-Leased Portfolio 18	ExchangeRight	Net-Lease / NNN		0.08335	1.385	4.706365503
Meadows at Home Place	Passco	Multifamily	AL	0.0832	1.54496	6.55
Hilton Garden Inn - Duluth, GA	Peachtree	Hospitality / credit	GA	0.083	1.28	3.25
Net-Leased Portfolio 6	ExchangeRight	Net-Lease / NNN		0.0829	1.64	7.89596167
Motif	Bluerock	Multifamily	FL	0.0827	1.654061042	6.333333333
Multifamily 4 – North Austin Apartment Portfolio	ExchangeRight	Multifamily	TX	0.08255	1.33	4.254620123
Hampton Inn - Columbia, MO	Peachtree	Hospitality / credit	MO	0.082	1.18	5.75
Fairfield Inn & Suites - Montgomery , AL	Peachtree	Hospitality / credit	AL	0.082	1.9	10.08
CY - Kennesaw, GA	Peachtree	Hospitality / credit	GA	0.082	1.52	7.42
Johns Hopkins Applied Physics Lab	Syndicated Equities	Government	MD	0.081475129	1.95	11.66
Chace Lake Villas	Bluerock	Multifamily	AL	0.081	1.534762986	5.5
Walgreens	Syndicated Equities	Net-Lease / NNN	TX	0.080859775	1.79	9.77
Multifamily 1 – Van Mark Creek Apartments	ExchangeRight	Multifamily		0.08055	1.32	3.939767283
Village Green	Bluerock	Multifamily	MI	0.08	1.404822928	4.416666667
Opus Place - Atlanta, GA	Peachtree	Hospitality / credit	GA	0.08	1.22	2.75
Net-Leased Portfolio 28	ExchangeRight	Net-Lease / NNN		0.0799	1.415	5.363449692
Chicagoland Multifamily DST	Inland	Multifamily		0.0793	1.57	7.2
Hampton Inn & Suites - Columbus, MS	Peachtree	Hospitality / credit	MS	0.079	1.69	13.33
US Government – GSA FBI & National Archives (2014 DST)	NLCA	Government	OR/MN/OH/MO	0.078759894	1.597	7.58
Lake Meade	Passco			0.0787
Lake Mead Square	Passco	Retail	NV	0.0787	1.199111	2.53
Advance Auto Parts	Four Springs	Net-Lease / NNN	NC	0.078346028	1.12	1.531666667
Arbor Terrace	Bluerock	Multifamily	GA	0.078	1.237142773	2.833333333
Comfort Inn - McHenry, MD	Peachtree	Hospitality / credit	MD	0.078	1.33	5.83
Net-Leased Portfolio 21	ExchangeRight	Net-Lease / NNN		0.0778	1.34	4.432580424
Net-Leased Portfolio 9	ExchangeRight	Net-Lease / NNN		0.0776	1.56	7.381245722
Net-Leased Portfolio 10	ExchangeRight	Net-Lease / NNN		0.0775	1.55	7.148528405
FSC BJ Tilton NH, DST	Four Springs	Retail	NH	0.0774	1.6383	8.25
Dollar General	Four Springs	Net-Lease / NNN	NC	0.077265973	1.13	1.6825
Luxe	Passco	Multifamily	AZ	0.0772	1.309572	4.01
Dollar General	Four Springs	Net-Lease / NNN	GA	0.077068379	1.17	2.205833333
Pharmacy Sale Leaseback DST	Inland	Net-Lease / NNN		0.0763	1.69	9.53
Dollar General	Four Springs	Net-Lease / NNN	FL	0.076259646	1.14	1.835833333
Family Dollar	Four Springs	Net-Lease / NNN	GA	0.076069731	1.04	0.525833333
Dollar General	Four Springs	Net-Lease / NNN	NC	0.075503356	1.15	1.986666667
Family Dollar	Four Springs	Net-Lease / NNN	TN	0.075471698	1.03	0.3975
Multifamily 2 – Mira Bella and San Martin Apartments	ExchangeRight	Multifamily		0.07545	1.31	4.287474333
RR-HV Venture Holdings DST	Inland	Office		0.0753	1.85	11.13
Autumn Breeze	Passco	Multifamily	IN	0.0753	1.513546	6.82
Brier Creek	Passco	Multifamily	NC	0.0744	1.415152	5.58
Whetstone Apartments	Bluerock	Multifamily	NC	0.074	1.395361212	4.666666667
Bi-Coastal Home Improvement DST	Inland	Retail		0.0736	1.48	5.83
Aaron's Inc.	Four Springs	Net-Lease / NNN	AL	0.073453608	1.19	2.586666667
Net-Leased Portfolio 22	ExchangeRight	Net-Lease / NNN		0.0733	1.38	5.232032854
Aaron's Inc.	Four Springs	Net-Lease / NNN	VA	0.073130194	1.22	3.008333333
National Retail Portfolio Venture DST	Inland	Retail		0.0731	1.75	10.3
Home2 Suites - San Antonio, TX	Peachtree	Hospitality / credit	TX	0.073	1.83	8.75
Broadway Commons DBT	Inland	Retail		0.0727	1.57	13.25
Broad River Trace	Passco	Multifamily	SC	0.0727	1.499449	6.87
Walgreens	Syndicated Equities	Net-Lease / NNN	IL	0.072507553	1.72	9.93
Net-Leased Portfolio 11	ExchangeRight	Net-Lease / NNN		0.0722	1.485	6.740588638
Westerly	Bluerock	Multifamily	MA	0.072	1.465788532	5.5
Fairfield Inn & Suites - Baltimore, MD	Peachtree	Hospitality / credit	MD	0.072	1.29	7.75
Pharmacy Sale Leaseback II DST	Inland	Net-Lease / NNN		0.0719	1.57	7.5
Aaron's Inc.	Four Springs	Net-Lease / NNN	NM	0.071706005	1.2	2.789166667
LSC-AM MC2, DST	Livingston Street Capital	Multifamily		0.071428571	1.5	7
Village at Lionsgate	Passco	Multifamily	KS	0.0707	1.684376	9.68
Voyager	Passco	Multifamily	TX	0.0706	1.328996	4.66
Aaron's Inc.	Four Springs	Net-Lease / NNN	SC	0.070515036	1.17	2.410833333
Hanford Mall-Additional Investment A	Passco	Retail	CA	0.0702	1.496314	7.07
Aaron's Inc.	Four Springs	Net-Lease / NNN	SC	0.070198245	1.18	2.564166667
Milwaukee MSA Multifamily Portfolio DST	Inland	Multifamily	WI	0.0701	1.55	7.58
Dollar General	Four Springs	Net-Lease / NNN	GA	0.070038911	1.09	1.285
Carrington	Passco	Multifamily	AL	0.07	1.4865	6.95
Courtyard - Starkville, MS	Peachtree	Hospitality / credit	MS	0.07	1.68	8.83
The Mill at MSU - Starkville, MS	Peachtree	Hospitality / credit	MS	0.07	1.68	8.83
Dollar General	Four Springs	Net-Lease / NNN	FL	0.069767442	1.06	0.86
Moody Village One DST — Village at Bellaire	Moody	Multifamily	TX	0.069628268	1.291666667	4.188911704
O'Reilly Automotive	Four Springs	Net-Lease / NNN	AL	0.069565217	1.04	0.575
Alamance Reserve	Bluerock	Multifamily	NC	0.069	1.320506181	4.166666667
Glenwood	Bluerock	Multifamily	GA	0.069	1.459509735	5.666666667
TownePlace Suites - Lone Tree, CO	Peachtree	Hospitality / credit	CO	0.069	1.69	8.75
Pointe Plaza Shopping Center	Syndicated Equities	Retail	IL	0.068273092	1.17	2.49
Preston View	Bluerock	Multifamily	NC	0.068	1.185247559	2.583333333
Brighton Multifamily DST	Inland	Multifamily		0.068	1.59	7.67
Dallas MSA Multifamily DST	Inland	Multifamily	TX	0.0676	1.26	3.92
Family Dollar	Four Springs	Net-Lease / NNN	PA	0.06741573	1.06	0.89
Dollar General	Four Springs	Net-Lease / NNN	FL	0.066719619	1.07	1.049166667
CF Net Lease Portfolio DST 8	Cantor	Net-Lease / NNN		0.065	1.321	5.1
BJS Syracuse 1031, L.L.C.	Inland	Retail		0.0649	1.86	14.42
Fort Myers Multifamily DST	Inland	Multifamily		0.0645	1.37	5.5
Stonegate	Passco	Multifamily	AL	0.0644	1.387688	6.02
Walgreens	Syndicated Equities	Net-Lease / NNN	IL	0.064356436	1.78	12.12
Jacksonville Multifamily DST	Inland	Multifamily	FL	0.0642	1.28	4.42
Helios	Bluerock	Multifamily	GA	0.064	1.335757426	4.666666667
Cambria Suites - Bloomington, MN	Peachtree	Hospitality / credit	MN	0.064	1.01	0.17
Villas by the Lake	Hamilton Point	Multifamily	GA	0.063987108	1.197080292	3.08
Chenal Commons 1031, L.L.C.	Inland	Retail		0.0637	2.04	17.53
Parker	Passco	Multifamily	VA	0.0633	1.283584	4.48
FSC AS Jonesboro AR, DST	Four Springs	Retail	AR	0.0627	1.4389	6.99
Downers Grove Retail DST	Inland	Retail		0.0627	1.75	11
Janesville 1031 L.L.C.	Inland	Industrial		0.0621	1.72	14.25
CW Pharmacy I DST	Inland	Net-Lease / NNN		0.0621	1.6	6.92
Colorado Springs Multifamily DST	Inland	Multifamily	CO	0.0616	1.4	6.33
Aurora 1031, L.L.C.	Inland	Retail	CO	0.0616	1.55	12.17
Cranberry Retail Venture DST	Inland	Retail		0.0612	1.58	9.88
Courtyard - Columbus, MS	Peachtree	Hospitality / credit	MS	0.061	2.05	13.92
PNS Grocery DST	Inland	Retail		0.0607	1.24	4.25
Arlo	Bluerock	Multifamily	NC	0.06	1.325292323	4.833333333
CF Railway Multifamily DST	Cantor	Multifamily		0.059	1.254	4.7
Cambridge	Passco	Multifamily	WA	0.0586	1.435984	7.44
Modesto Retail Center DST	Inland	Retail		0.0572	1.22	4.2
Staybridge Suites - Madison, WI	Peachtree	Hospitality / credit	WI	0.057	1.25	4.5
Pearland Multifamily DST	Inland	Multifamily		0.0564	1.27	4.83
Healthcare Portfolio DST	Inland	Healthcare / MOB		0.0563	1.39	7.98
FSC Healthcare II, DST	Four Springs	Healthcare / MOB		0.0561	1.4085	7.28
CF Aurora Multifamily DST	Cantor	Multifamily	CO	0.056	1.307	5.9
Visions Drive 1031 DST	Inland	Office		0.0559	1.71	14.17
National Fire & Resource	Syndicated Equities	Government	AZ	0.055721393	1.56	10.05
San Marcos Student Living DST	Inland	Student Housing		0.0554	1.49	8.67
University Lofts, L.L.C.	Inland	Student Housing		0.0543	1.43	8.42
Volkswagen Distribution Facility	Syndicated Equities	Healthcare / MOB	IL	0.054086538	1.45	8.32
The Summit	Passco	Multifamily	WA	0.054	1.42768	7.92
LivInn Suites - Sharonville, OH	Peachtree	Hospitality / credit	OH	0.052	1.13	2.75
CVS	Passco	Net-Lease / NNN		0.0513	1.492993	9.61
Inland Sioux Falls, L.L.C.	Inland	Office		0.0512	1.57	13
W Pharmacy I DST	Inland	Net-Lease / NNN		0.0508	1.47	12.25
National Net Lease Portfolio VI DST	Inland	Net-Lease / NNN		0.0501	1.44	10.67
Webster Place Shopping Center	Syndicated Equities	Retail	IL	0.05	1.68	13.6
Wakefield Glen	Passco	Multifamily	NC	0.0498	1.212646	4.27
Carmel Office 1031, L.L.C.	Inland	Office		0.0485	1.36	8.75
Hillsboro 1031 DST	Inland	Retail		0.0484	1.34	8.42
FSC AS Mt. Juliet TN, DST	Four Springs	Retail	TN	0.0475	1.3717	7.82
Shelby	Passco	Multifamily	VA	0.047	1.26602	5.66
Hampton Inn - Corydon, IN	Peachtree	Hospitality / credit	IN	0.047	1.36	7.33
Social Security Administration	Syndicated Equities	Government	AR	0.046644845	1.57	12.22
NREA Meritage DST	NexPoint	Multifamily		0.046	1.24
Lafayette Multifamily DST	Inland	Multifamily		0.0443	1.46	9.9
Point at Tamaya	Passco	Multifamily	FL	0.0442	1.284648	6.44
Inland Chicago Grace L.L.C.	Inland	Office	IL	0.0438	1.41	10.75
Plaza Gardens	Bluerock	Multifamily	KS	0.042	1.566952862	10.91666667
Social Security Administration	Syndicated Equities	Government	IN	0.041864139	1.53	12.66
Plainfield 1031, L.L.C.	Inland	Retail		0.0409	1.39	11.83
National Archives & Records	Syndicated Equities	Government	CA	0.040594059	1.41	10.1
Charlotte Student Housing DST	Inland	Student Housing	NC	0.0405	1.27	6.67
Social Security Administration	Syndicated Equities	Government	OH	0.03962704	1.51	12.87
Clay 1031, L.L.C.	Inland	Retail		0.0391	1.52	14.73
Comfort Inn - Omaha, NE	Peachtree	Hospitality / credit	NE	0.039	1.09	2.58
Dallas Multifamily DST	Inland	Multifamily	TX	0.0372	1.17	4.75
FSC GM Lebanon IN, DST	Four Springs	Industrial	IN	0.0366	1.4234	11.57
National Net Lease Portfolio	Inland	Net-Lease / NNN		0.0366	1.28	13.67
Reynoldsburg 1031, L.L.C.	Inland	Retail		0.0363	1.56	16.17
Element - Miami, FL	Peachtree	Hospitality / credit	FL	0.036	1.14	4.33
Olympus at Ross	Olympus	Multifamily	TX	0.035	1.218707101	5.749486653
Lincoln Plaza	Passco	Retail	WA	0.034	1.3417	10.05
Aloft - Miami, FL	Peachtree	Hospitality / credit	FL	0.034	1.1	2.92
Plantation Apartments	Hamilton Point	Multifamily	MS	0.033923672	1.161137441	4.75
CF Pearland Multifamily DST	Cantor	Multifamily		0.0328	1.082	2.5
Schaumburg Childcare DST	Inland	Office		0.0319	1.29	9.33
Social Security Administration	Syndicated Equities	Government	IL	0.031771247	1.4	12.59
Ivy	Passco	Multifamily	FL	0.0315	1.16002	5.08
Retail Portfolio II DST	Inland	Retail		0.0312	1.27	10.08
Indianapolis Multifamily DST	Inland	Multifamily	IN	0.0309	1.17	6
San Antonio Multifamily II DST	Inland	Multifamily	TX	0.0306	1.13	4.58
River North Retail Development	Syndicated Equities	Retail	IL	0.030390738	1.21	6.91
Chicagoland Street Retail DST	Inland	Retail		0.0295	1.26	10.13
Charlotte Office 1031 DST	Inland	Office	NC	0.0286	1.24	10.42
Social Security Administration	Syndicated Equities	Government	OH	0.028458498	1.36	12.65
Rancho Cordova Retail Center, L.L.C.	Inland	Retail		0.0276	1.17	6.83
National Net Lease Portfolio V DST	Inland	Net-Lease / NNN		0.0273	1.2	9.08
Burbank 1031, L.L.C.	Inland	Retail		0.027	1.21	9.83
Estates at Perimeter	Bluerock	Multifamily	GA	0.025	1.108364922	4.166666667
Austell 1031 DST	Inland	Retail		0.025	1.21	9.75
Resort at Lake Crossing	Passco	Multifamily	KY	0.0237	1.200502	8.46
VA Birmingham original ownership group	NLCA	Government	AL	0.0208	1.104	5
Tractor Supply	AEI	Retail	VA	0.020758556	1.476267483	22.9431896
Memorial Square 1031, L.L.C.	Inland	Retail		0.0205	1.27	15.27
Applebee's	AEI	Restaurant	FL	0.020166077	1.286107079	14.18754278
Home2 Suites - Liberty Township, OH	Peachtree	Hospitality / credit	OH	0.02	1.12	6.83
Social Security Administration	Syndicated Equities	Government	IN	0.01950078	1.25	12.82
Taco Cabana	AEI	Restaurant	TX	0.019114877	1.265279424	13.87816564
Kimpton - Baltimore, MD	Peachtree	Hospitality / credit	MD	0.019	1.03	3.25
Hampton Inn - Plantation, FL	Peachtree	Hospitality / credit	FL	0.018	1.03	4.58
Rio Bravo	AEI	Restaurant	MN	0.017734207	1.173919041	9.80698152
Miami Office DST	Inland	Office	FL	0.0175	1.13	10.17
Norwalk Office Building	Syndicated Equities	Office	CA	0.017333333	1.26	15
Applebee's	AEI	Restaurant	CO	0.017164511	1.204047386	11.88774812
Geneva 1031, L.L.C.	Inland	Office		0.0171	1.16	14.25
Omaha Headquarters Ventures DST	Inland	Office		0.0159	1.1	9.5
Social Security Administration	Syndicated Equities	Government	IN	0.01540832	1.2	12.98
La Quinta - Fort Myers, FL	Peachtree	Hospitality / credit	FL	0.014	1.01	0.5
KinderCare	AEI	Childcare	TX	0.012996228	1.261241078	20.10130048
Holiday Inn Express - New Albany, IN	Peachtree	Hospitality / credit	IN	0.012	1.07	4.67
Applebee's	AEI	Restaurant	KY	0.011897713	1.111729376	9.3908282
Carmax	AEI	Retail	GA	0.011801113	1.07431228	6.29705681
CF Summerfield Multifamily DST	Cantor	Multifamily		0.010857143	1.038	3.5
Applebee's	AEI	Restaurant	FL	0.010073873	1.110350625	10.954141
CADE Boca Raton	Bluerock	Multifamily	FL	0.01	1.041467231	4.083333333
Candlewood Suites - Winnemucca, NV	Peachtree	Hospitality / credit	NV	0.01	1.03	3.5
Applebee's	AEI	Restaurant	OH	0.008635293	1.122040742	14.13278576
Two Park Office Building	Syndicated Equities	Office	WI	0.007782101	1.02	2.57
Discount Retail Venture I DST	Inland	Retail		0.0076	1.06	11.5
KinderCare / Children's World	AEI	Childcare	TX	0.00734812	1.107028056	14.56536619
Chi-Chi's	AEI	Restaurant	WI	0.004822229	1.040122527	8.320328542
KinderCare / Children's World	AEI	Childcare	OH	0.003323472	1.048971742	14.73511294
Comfort Suites - Fishers, IN	Peachtree	Hospitality / credit	IN	0.001	1	2.67
Fairfield Inn & Suites - Gadsden, AL	Peachtree	Hospitality / credit	AL	0	1	14.17
Warminster Business Center	Passco	Industrial	PA	-0.0004	0.9949	12.75
Murfreesboro 1031, L.L.C.	Inland	Retail		-0.0007	0.99	17.67
Winn Dixie	AEI	Retail	FL	-0.002404475	0.958803006	17.13347023
Indian Springs	Bluerock	Multifamily	TX	-0.005	0.979740166	4.083333333
River Oaks	Passco			-0.0061	0.950732375	8.076659822
SpringHill Suites - Birmingham, AL	Peachtree	Hospitality / credit	AL	-0.007	0.97	5.42
KinderCare	AEI	Childcare	MO	-0.007210425	0.936670658	8.783025325
KinderCare / Children's World	AEI	Childcare	MA	-0.007793027	0.890908289	13.99863107
FSC Industrial 8, DST	Four Springs	Industrial		-0.008	0.9604	4.98
Taco Cabana	AEI	Restaurant	TX	-0.008457086	0.888651268	13.16632444
Schaumburg 1031 Venture, L.L.C.	Inland	Industrial		-0.0089	0.93	12.25
KinderCare / Children's World	AEI	Childcare	CO	-0.009539064	0.853982452	15.30732375
KinderCare / Children's World	AEI	Childcare	WI	-0.009558645	0.858393346	14.81451061
Arby's	AEI	Restaurant	TN	-0.009808992	0.803390476	20.04380561
Rio 21 and Texan 28	Syndicated Equities	Student Housing	TX	-0.009852217	0.92	8.12
Walgreens Center	Syndicated Equities	Net-Lease / NNN	MO	-0.010741139	0.9	9.31
Marriott Residence Inn	Syndicated Equities	Hospitality	VA	-0.012896825	0.87	10.08
Discount Retail Venture II DST	Inland	Retail		-0.015	0.89	11.83
Carino's	AEI	Restaurant	TX	-0.015095259	0.813980121	12.32306639
Creekwalk Village	Passco	Retail	TX	-0.0152	0.847696	10.02
Chateau Elite	AEI	Retail	IL	-0.017321741	0.685434342	18.16016427
Tumbleweed	AEI	Restaurant	OH	-0.020359181	0.812768	9.196440794
U-Like Buffet / HomeTown Buffet	AEI	Restaurant	AZ	-0.020527061	0.521007136	23.33470226
Champps	AEI	Restaurant	OH	-0.021297769	0.66897348	15.54277892
BJ's Restaurant & Brewhouse / Champps	AEI	Restaurant	MI	-0.021398253	0.630327238	17.27583847
Eastwind Center	Passco	Retail	NV	-0.0219	0.70216	13.6
Carino's	AEI	Restaurant	TX	-0.024004969	0.606325086	16.39972621
Cash America	AEI	Retail	LA	-0.024395653	0.571397927	17.5687885
Champps	AEI	Restaurant	IL	-0.025501618	0.612221811	15.20602327
Carino's	AEI	Restaurant	TX	-0.027566628	0.577424916	15.32922656
San Antonio Multifamily DST	Inland	Multifamily	TX	-0.0286	0.89	4.67
Hanford Mall	Passco	Retail	CA	-0.0286	0.539826	16.09
HomeTown Buffet	AEI	Restaurant	NM	-0.029693515	0.399544687	20.22176591
Carino's	AEI	Restaurant	TX	-0.030288692	0.688281466	10.29158111
LV-M Venture Holdings, DST	Inland	Office		-0.0308	0.79	16.67
CoHo House	Bluerock	Multifamily	GA	-0.031	0.897992904	3.416666667
Fairfield Inn & Suites by Marriott - Omaha, NE	Peachtree	Hospitality / credit	NE	-0.031	0.92	2.58
Gingham's	AEI	Restaurant	MO	-0.031136418	0.274975395	23.28542094
Hollywood Video	AEI	Retail	AL	-0.032052709	0.666967742	10.39014374
Arby's	AEI	Restaurant	AL	-0.032177788	0.425248771	17.86173854
Carino's	AEI	Restaurant	CO	-0.03498798	0.505905547	14.12183436
Severance Town Center	Syndicated Equities	Retail	OH	-0.035744681	0.58	11.75
Tumbleweed	AEI	Restaurant	OH	-0.035774554	0.597738279	11.24435318
Applebee's	AEI	Restaurant	VA	-0.035783322	0.908888462	2.546201232
Timber Lodge	AEI	Restaurant	MN	-0.036048677	0.510369644	13.58247775
Marie Callender's	AEI	Restaurant	OR	-0.037063488	0.52022951	12.94455852
Rite Aid	AEI	Retail	NY	-0.037776727	0.273838744	19.22245038
Shops of Beverly	Syndicated Equities	Retail	IL	-0.037898363	0.56	11.61
Garden Ridge	AEI	Retail	TX	-0.038443256	0.889485506	2.874743326
Champps	AEI	Restaurant	OH	-0.04051316	0.206041888	19.59753593
Aaron's	AEI	Retail	AL	-0.041368173	0.273551106	17.56057495
Rite Aid	AEI	Retail	NY	-0.041582739	0.241776749	18.23408624
Charlotte 1031, L.L.C.	Inland	Office	NC	-0.0418	0.77	9.92
Champps	AEI	Restaurant	OH	-0.042901857	0.263415353	17.16906229
Bristol 1031 DST	Inland	Office		-0.043	0.78	10.37
Carino's	AEI	Restaurant	TX	-0.043855977	0.540848033	10.46954141
Carino's	AEI	Restaurant	TX	-0.044318399	0.543044241	10.31074606
Family Discount Portfolio II DST	Inland	Retail		-0.0444	0.75	10.08
KinderCare / Children's World	AEI	Childcare	CO	-0.044907921	0.440080293	12.46817248
Chandler Heights	Passco	Retail	AZ	-0.0453	0.559684	9.72
Timber Lodge	AEI	Restaurant	MN	-0.046463164	0.532378947	10.06433949
TownePlace Suites - Cupertino, CA	Peachtree	Hospitality / credit	CA	-0.047	0.96	0.75
Family Discount Portfolio III DST	Inland	Retail		-0.0472	0.74	10.08
Mimi's Café	AEI	Restaurant	MO	-0.04724435	0.444450422	11.75906913
CF WAG Portfolio DST	Cantor	Retail		-0.050222222	0.887	2.25
Carino's	AEI	Restaurant	TX	-0.052512479	0.463732936	10.21218344
CF WAG MH, LLC	Cantor	Retail		-0.053419355	0.862	2.583333333
Laveen Market Place	Passco	Retail	AZ	-0.0544	0.450016	10.11
Olivet Church 1031, L.L.C.	Inland	Retail		-0.0552	0.64	12.88
Olathe Station	Passco	Retail	KS	-0.0569	0.236971	13.41
Flatiron Athletic Club	Syndicated Equities	Office	CO	-0.057184751	0.22	13.64
Village at Orange	Passco	Retail	CA	-0.0583	0.298068	12.04
Rush-Copley	Syndicated Equities	Office	IL	-0.059063136	0.42	9.82
Courtland Center	Syndicated Equities	Retail	MI	-0.059628543	0.39	10.23
Pinnacle Village	Passco	Retail	KS	-0.0601	0.345511	10.89
Fuddruckers	AEI	Restaurant	CO	-0.064603832	0.311069339	10.66392882
Alexan City Centre	Bluerock	Multifamily	TX	-0.0647	0.602159098	7.583333333
Public Square Garage	Syndicated Equities	Parking	TN	-0.06587473	0.39	9.26
Deer Park 1031 DST	Inland	Industrial		-0.0679	0.68	9.33
Houston 1031 Limited Partnership	Inland	Office	TX	-0.068	0.68	16.18
Yuma Palms 1031, L.L.C.	Inland	Retail		-0.0694	0.56	17.25
Madison at Fairwood	Passco		WI	-0.0735	0.53475154	6.32991102
Champps	AEI	Restaurant	MI	-0.078792504	0.239579535	9.650924025
2215 Sanders Road	Syndicated Equities	Office	IL	-0.080313418	0.18	10.21
1501 Jackson	Syndicated Equities	Office	NE	-0.082004556	0.28	8.78
Carino's	AEI	Restaurant	TX	-0.082454335	0.511482053	5.924709103
New York Grocery DST	Inland	Retail	NY	-0.0832	0.76	3.83
Inland Honey Creek, L.L.C.	Inland	Retail		-0.0835	0.52	12.55
Cincinnati Eastgate 1031, L.L.C.	Inland	Retail	OH	-0.0836	0.6	11.83
Retail Shopping Centers	Syndicated Equities	Retail	KY	-0.084158416	0.32	8.08
Marriott TownePlace Suites	Syndicated Equities	Hospitality	IN	-0.092281879	0.45	5.96
Homewood Suites - Covington, LA	Peachtree	Hospitality / credit	LA	-0.095	0.77	2.58
11 Stanwix	Syndicated Equities	Office	PA	-0.09587217	0.28	7.51
Plano 1031 Limited Partnership	Inland	Office	TX	-0.1007	0.61	8.92
Holiday Inn	Syndicated Equities	Hospitality	LA	-0.110584518	0.3	6.33
400 Skokie Blvd.	Syndicated Equities	Office	IL	-0.11548913	0.15	7.36
North Park Towers	Bluerock	Multifamily	MI	-0.116	0.297472808	9.833333333
Port Richey 1031, L.L.C.	Inland	Retail	FL	-0.1577	0.55	11.92
Staybridge Suites	Syndicated Equities	Hospitality	OH	-0.158379374	0.14	5.43
Alexan Southside Place	Bluerock	Multifamily	TX	-0.168	0.32168231	6.166666667
Resort at Port Arrowhead - Lake Ozark, MO	Peachtree	Hospitality / credit	MO	-0.185	0.63	4.42
Plantation Park	Bluerock	Multifamily	TX	-0.194	0.523606616	3
Marriott Fairfield Inn	Syndicated Equities	Hospitality	WI	-0.197002141	0.08	4.67
Staybridge Suites - Willowbrook, TX	Peachtree	Hospitality / credit	TX	-0.222	0.81	4.67
Marriott Courtyard	Syndicated Equities	Hospitality	IA	-0.223350254	0.12	3.94
Fashion Outlet Center	Syndicated Equities	Retail	NV	-0.236151603	0.19	3.43
Craig Crossing 1031, L.L.C.	Inland	Retail		-0.2577	0.34	10.92
Marriott Courtyard	Syndicated Equities	Hospitality	IN	-0.275964392	0.07	3.37
DoubleTree & Embassy Suites	Syndicated Equities	Hospitality	IL	-0.341708543	0.32	1.99
Holiday Inn - Mobile, AL	Peachtree	Hospitality / credit	AL	-0.558	0.65	4
Champps	AEI	Restaurant	OH			11.74811773
Jared	AEI	Retail	MO			15.70978782
Mesa Ridge	Bluerock	Multifamily	TX			2.25
Meadows	Bluerock	Multifamily	TX			2.833333333
Stratford	Bluerock	Multifamily	TX			3.333333333
Sovereign Apartments	Bluerock	Multifamily	TX			3.663244353
Madison at Adams Farm	CORE	Multifamily	NC		2.761904762
Park West End	CORE	Multifamily	VA		2.654196158
Bridford Lake	CORE	Multifamily	NC		3.593287266
Champions Club	CORE	Multifamily	VA		3.164179104
San Antonio Industrial	CORE	Industrial	TX		2.869735099
Westridge Executive Plaza	CORE	Office	CA		1.852941176
Deerwood Meadows	CORE	Multifamily	NC		2.351231364
Hickory Creek	CORE	Multifamily	VA		2.44522973
Sonoma Ridge	CORE	Multifamily	CA		2.953125
Minneapolis Industrial	CORE	Industrial	MN		1.097083446
Hidden Lakes	CORE	Multifamily	NC		1.982857143
Sterling Place	CORE	Multifamily	OH		2.143799472
Kensington	CORE	Multifamily	OH		1.45672665
Brookfield Lakes Corp Center	CORE	Office	WI		1.375
Riverbend Apartments	CORE	Multifamily	IN		2.360655738
Vistas at Seven Bar Ranch	CORE	Multifamily	NM		2.45045045
Sycamore Town Center	CORE	Retail	IA		1.096153846
Spring Valley	CORE	Office	TX		1.177257525
Westwind Business Park	CORE	Industrial	CA
Promenade at Northridge	CORE	Retail	CA
Governor's Pointe	CORE	Industrial	OH
Chatham Wood	CORE	Multifamily	NC
Moody DFW DST — Lost Spurs Ranch	Moody	Multifamily	TX		2
